submission_id,purchase_other
gMR29l,
BkPN0e,
W5G8jj,
4xWgGr,
QD27Q8,
V0LPeM,
V0Gaxg,
AdzRL0,
LbWda2,
EXQLWN,
2eNLJg,
xpa2K9,
V00RoJ,
7WWB4A,
pKL8aB,
Zd694B,
QAeYZY,
QA5JYA,
Rz5BPj,
jyDqva,
eB7QoJ,
24xzlg,
DVvoqX,
1r2YJQ,
24xYOV,
AlbYao,
J2krYz,
WAp6ak,
aBr18q,
42NYWO,
6dQ08e,
J2kj9J,
8dpDNA,
EPbVlL,
ylqbBg,
vNx6A4,
KMB2og,
qbEQPO,
9dJ0O5,
BGboZR,
oAVNdO,
YZzBdN,
VZ17Z6,
RzBeZj,
0Ej0GZ,
eBxO4l,
WApbkQ,
0Ej0WA,
9dJYlQ,
BGbJzQ,
OABqpR,
bl41Zg,
GrBVrk,
WApbYk,
eBxG20,
24x9NA,
NAB2qB,
RzBqoJ,
jB98xY,
LdMxB2,
GrBOrz,
5dqajd,
VZ1W0E,
NABN5G,
6dQY8o,
WAp6va,
EPbVGA,
OABqQp,
DVvOop,
KMBrLz,
jB9r21,
pLPYLE,
oAV8yX,
aBrp0W,
g5NPxK,
bl41kE,
GrBO1z,
xdN8Q9,
vNx8Xv,
dY2JPN,
MAdjLE,
6dQ6xo,
7d97lZ,
0EjqPQ,
BGbJD4,
9dJYbp,
xdNbJ9,
EPbVLl,
pLPNQJ,
AlbMLW,
EPboPq,
ylq8yW,
J2kEDz,
24x9Lg,
0EjYb6,
ZdRb6a,
WApbdP,
24xY69,
RzBqWd,
RzBqLv,
oAV8d5,
oAV8OM,
AlbYyW,
KMB4kk,
42N0Kd,
0Ej0VZ,
rlrQQo,
vNx84X,
OABxLk,
MAd2V0,
8dpbGk,
zKQ8ja,
YZzBLJ,
QABNdl,
8dpbko,
XeB6Ee,
KMBroK,
24x9rg,
dY2JjD,
LdMjyz,
9dJYM1,
kYR4rj,
pLPN7q,
6dQ0eO,
42NlLd,
LdMxaj,
BGbJZ4,
J2kER7,
eBxgQO,
J2kELz,
LdMjqJ,
oAVNeM,
oAVZ95,
eBxGvE,
g5NPYO,
xdNbxo,
zKQ8ZZ,
rlrQxl,
VZ1W8N,
WAp6PN,
DVvo9l,
ylqAdB,
rlrQP2,
EPbo0L,
ylqAY6,
AlbR7B,
EPbVxA,
BGboo4,
dY2GGD,
oAV8o5,
WApa9N,
BGbJE5,
0EjzA9,
vNx6YX,
WApaAQ,
J2krZX,
oAVN6V,
VZ1WVN,
42Nlko,
RzBq4P,
1r2QM4,
LdM4d2,
42N0dB,
jB98M9,
1r205O,
5dq0yE,"I donâ€™t, cafe coffee has never appealed to me because of the cost to quantity ratio"
YZzb4N,
QABq7Y,
PABQDd,
9dJY7E,
24xYgM,
KMB25K,
RzBqzP,
GrBEvo,
rlrQrv,
LdMxpz,
ZdRblA,
bl4My7,
XeB72d,
zKQBXq,
rlr9Yv,
dY2GNy,
zKQA18,
ZdRAAV,
VZ17Ev,
NAB2Ab,
rlr9yM,
5dqYbv,
AlbRKW,
ylqb6X,
dY2o6d,
dY2oKz,
oAVN61,
rlr9yv,
kYR4Nr,
zKQ4kq,
RzBeoP,
24xYJL,
ZdRAWA,
rlr9OL,
PABQdQ,
1r20NQ,
qbEqj2,
g5NV9P,
42NY8Y,
GrBVJp,
7d90RL,
lNl8WV,
vNxaEA,
0EjY5P,
eBxO5q,
blx47Z,
lNlXyB,
1r2Yx4,
1r20WM,
J2krad,
DVvo05,
VZ1aJj,
42N0ab,
aBrJxZ,
9dJ0qG,
PABN1x,
8dpDDk,
qA2y0O,
V0ELg6,
zKQ8Qg,
VZ1WYN,
jB98W1,
24x9Rj,
rlr82o,
QABNj7,
vNx8El,
jB98WY,
LdM4Op,
qbE8gG,
bl41zZ,
xdN8yk,
rlr8LX,
jB98ga,
pLPY01,
GrBODO,
7d97a0,
WApale,
0EjqlN,
oAV8dN,
0Ejqaj,
5dqaeZ,
g5N8v4,
oAV8lb,
AlbMyz,
jB9871,
9dJA2E,
PABZBx,
DVvRWR,
dY2JDV,
bl41Y1,
rlr8vR,
xdN89d,
kYR8Jo,
YZz7xW,
RzBq29,
24x9DD,
rlr8k2,
7d97ER,
GrBOBO,
42NlPr,
XeB6OP,
VZ1W4y,
kYR8ve,
YZz7oN,
OABxYM,
xdN8lv,
eBxgYk,
RzBqj9,
1r2QGg,
pLPYZJ,
MAdj6k,
OABxER,
BGbJ0K,
qbE8jO,
kYR8ze,
GrBODQ,
vNx8KD,
oAV8VN,
VZ1Wxg,
24x9Oe,
KMBrO8,
WApa1v,
bl41gL,
EPbovB,
ylq8e8,
24x9ZL,
MAdjGM,
24x9Zj,
rlr8kR,
g5N8pl,
rlr8qN,
ylq87g,
GrBO7Z,
NAB2Rj,
RzBqkj,
xdN86r,
9dJArQ,
EPboa4,
WApaQN,
42NlN5,
AlbM50,
QABNap,Online
dY2Jkd,
RzBqr9,
lNl89W,
PABZGB,
RzBqjj,
LdM4ov,
GrBO5k,
ZdRbWo,
AlbMQD,
42NlqX,
24x9D9,
oAV81V,
QABNE7,
6dQ6QN,
KMBrkV,
g5N8NJ,
aBrpab,
OABxVR,
aBrpPq,
bl41vZ,
oAV8kO,
qbE8NG,
eBxgoe,
aBrpkB,
vNx8g0,
NAB2Ol,
GrBObk,
kYR8x1,
g5N8z4,
lNl8zv,
jB98z4,
RzBqVj,
BGbJ6Q,
5dqagd,Cometeer
QABN8Y,
24x9o9,
BGbJ9Q,
PABZrV,
lNl84k,
rlr8YR,
zKQ8L0,
NAB2El,
9dJAMV,
YZz79J,
5dqaod,
GrBOgp,
dY2Jgo,Online ordering
AlbMAe,
XeB6d4,
QABNX8,
1r2QBp,
VZ1WY6,
LdM4Vv,
6dQ6MJ,
oAV8vx,
oAV8gP,
EPboJ2,
MAdjVA,
EPboEX,
6dQ64k,
NAB240,
pLPYzB,
OABxEg,
NAB2gB,
vNx8vQ,
LdM4yj,
qbE8k9,
qbE8v9,
dY2J8d,
jB98Yx,
rlr8gN,
XeB6Ng,
OABx97,
42NlEX,
LdM4al,
ZdRbDB,
6dQ6Vk,
8dpbVx,
6dQ65P,
1r2Q6l,
7d97MR,
ylq8GB,
kYR8p1,
8dpbgx,
VZ1Wqg,
WApaBa,
dY2J1q,
vNx8W0,
5dqaOo,
QABNWp,
ZdRbQo,
NAB2yB,
oAV81e,
PABZYx,
PABZWb,
XeB6v4,
9dJAxQ,
DVvRE5,
lNl87X,
eBxgye,
aBrpgq,
OABxrR,
WApajv,
1r2QxQ,
AlbM9z,
8dpbWO,
7d97zA,
24x9zV,
VZ1W9j,
rlr8YN,
xdN80d,
1r2QgW,
EPbo64,
qbE877,
KMBrGV,
6dQ6WY,
EPboA4,
PABZy5,
ZdRbgz,
EPbo6r,
6dQ6zB,
LdM4Ey,
ylq8gg,
42NlOY,
MAdjPM,
8dpb5O,
1r2QRl,
jB985Q,
J2kEBo,
eBxgvk,
7d97jZ,
dY2JzK,
PABZe5,
J2kEGo,
ylq8zx,
WApapR,
xdN8z5,
NAB2dj,
ylq81x,
vNx8zD,
oAV8zP,
QABNkG,
8dpbDA,
YZz760,
PABZqd,
oAV8LX,
XeB6Pd,
AlbMRB,
jB98XR,
NAB2Zb,
aBrpMy,
OABxKK,
pLPYlP,
EPbooq,
XeB6je,
PABZq0,
GrBOE2,
pLPYYZ,
GrBOVj,
DVvROb,
rlr8Z5,
KMBr2M,
kYR8BJ,
aBrpJ9,
bl41a0,
RzBqyp,
1r2Q0M,
GrBOO2,
jB98V6,
QABNpg,
DVvR6j,
xdN8q9,
xdN8W9,
9dJAzX,
rlr8ep,
WApa4L,
lNl8pV,
9dJAbX,
zKQ8A1,
QABNP1,
pLPYEE,
GrBOMQ,
RzBqpQ,
24x9MM,
7d9rX0,
YZz72z,
42Nl0b,
lNl8JX,
xdN8kd,
VZ1WWE,
bl4QV6,
LdM4xG,
VZ1OLj,
KMBrrk,
5dqaWQ,
NAB22W,
eBxWZx,
OABxOM,
lNl825,
EPboy2,
LdM48z,
KMBKYX,
NAB21W,
42NlMo,
BGbJv4,
rlr8No,
24xGEe,
lNlkBN,
eBxWae,
WApavR,
1r2o9p,
OABM7R,
aBrqOX,
qbE1GG,
8dp4aP,
0EjR7j,
YZz7EN,
OABxRk,
AlbMgN,
lNlk6k,
OABxWM,
xdN5Yy,
AlbMYB,
ylq5Jg,
VZ1WRj,
jB9Ala,
YZzl4B,
J2kvz4,
oAV8W5,
oAVLGe,
KMBKlA,
6dQEDY,
1r2o7Q,
1r2oVQ,
0EjR8y,
LdMLzp,
LdML7p,
jB9Ab4,
aBrq4B,
DVv6Nq,
DVv6pR,
rlrMON,
g5N6Ml,
NAB1oB,
VZ1Ojy,
dY2exq,
RzByo9,
rlrMoN,
XeBP4g,
DVv6qN,
vNx5P0,
6dQEZk,
qbE1d7,
bl4QeL,
PABJ55,
aBrq9b,
LdMLPv,
qbE1VY,
oAVLEx,
PABJ1V,
0EjR6N,
BGbW75,
8dp4L5,
GrBARZ,
rlrMBR,
J2kEvY,
GrBAve,
g5N6qO,
J2kvOo,
GrBAlp,
7d9r2P,
1r2odl,
J2kvdR,
jB9APx,
DVv6kZ,
xdN8Ok,
NAB1qO,
GrBA9Z,
bl4Qdg,
5dqPZo,
J2kEyz,
jB98j9,
DVv67R,
QABlV8,
LdMLpj,
42NVrX,
VZ1OpM,
42NlWr,
KMBKV8,
aBrq6q,
oAVLeP,
YZzlPW,
zKQ5jM,
XeBPJY,
kYRB61,
zKQ5y0,
RzBy5d,
ZdRrNy,
6dQE7B,
0EjRey,
QABlDp,
24xGB9,
EPb7QX,
qbE1AY,
RzByD9,
42NVQY,
EPb7XX,
Albe2z,
PABJ9V,
rlrM5R,
kYR8Pj,
J2kvqK,
J2kv1K,
PABJpB,
EPb7l4,
XeBP0j,
vNx5Yv,
NAB1WB,
42NV8k,
VZ1OQg,
LdMLWj,
LdMLKv,
zKQ5Ya,
pLPpoJ,
lNlkqv,
GrBO2O,
KMBK1A,
dY2e9o,
9dJjQp,
QABl58,
BGbWk5,
24xGPj,
0EjRdB,
RzByPd,
RzBq9P,
PABJ65,
oAVLRP,
24xGPL,
rlr84L,
VZ1O0v,
8dp4xO,
bl4QWL,
qbE1a9,
VZ1O5J,
rlrMPl,
EPb7XN,
dY2e0o,
lNlkyB,
BGbJo7,
xdN5ay,Trade
GrBAdp,
BGbWxQ,
MAdpzp,
RzBy0J,
PABJ1e,
XeBPWj,
g5N6Gl,
jB9AZJ,
g5N6e4,
0Ejq9Q,
xdN8EG,
zKQ5Da,
xdN5Xv,
24xGAj,
lNl8j5,
YZz7Nv,
VZ1OEj,
oAVLAV,
vNx52A,
bl4Qlo,
PABJ0Q,
42NVkO,
9dJjdY,
WApV0J,
1r2oEM,
jB9AME,
GrBAro,
KMBK67,
xdN5QG,
XeBPe4,
8dp4kx,
EPb71N,
qbE1Wd,
eBxWBO,
6dQExe,
24xGrp,
0EjRbQ,
5dqP2M,
QABlrg,
xdN5Qo,
MAdpJg,
vNx5AQ,
YZzldq,
RzByYp,
zKQ5zq,
5dqPkd,
dY2eZN,
1r2ovO,
PABJB0,
AlbeDW,
GrBA1o,
6dQE15,
LdMLG1,
LdML0G,
zKQ5Kq,
J2kvJY,
rlrMVM,
DVv6eb,
5dqPdd,
RzByLl,
5dqPvP,
YZzlV0,
vNx54A,
XeBPG4,
jB9ABE,
PABJ8P,
RzBy4J,
jB9AxR,
dY2eYA,
0EjRJ0,
PABJvP,
DVv60p,
rlrMKv,
9dJjJ4,
oAVL0M,
vNx5Od,
QABlYA,
24xGkp,
7d9roL,
lNlkNW,
g5N64N,
g5N65d,
7d9rdA,
lNlkL5,
rlrMKM,
0EjRoQ,
GrBA1j,
qbE1b7,
oAVLVM,
RzByRl,
g5N6QK,
GrBAYz,
QABlBk,
vNx5NQ,
6dQEro,
eBxWNo,
NAB1MN,
dY2eDy,
MAdpvE,
MAdp5Y,
9dJjE1,
PABJ20,
8dp4eA,
DVv65b,
qbE1o8,
OABMBA,
oAVLlM,
5dqPEb,
6dQEOO,
jB9A99,
7d9r46,
qbE1Yk,
pLPpWZ,
VZ1Olv,
OABMJp,
aBrqry,
7d9r9z,
oAVLl5,
aBrqZW,
lNlk06,
ZdRrGv,
xdN5ZG,
lNlkYV,
VZ1OME,
rlrMrL,
42NVAd,
jB9AJ1,
rlrMr5,
WApVpQ,
ZdRrvA,
8dp4dx,
vNx5JX,
zKQ5e1,
lNlkKV,
rlrMJX,
8dp4PY,
LdMLaz,
rlrM0L,
PABJBd,
NAB1Rp,
42NV9d,
jB9A76,
OABMLK,
GrBABz,
YZzlY6,
YZzlo0,
g5N671,
qbE1k5,
7d9r16,
24xGkV,
BGbWA4,
rlrMJp,
bl4Qr2,
aBrqDE,
YZzlrq,
VZ1O9l,
EPb7Lo,
jB9A09,
GrBAL2,
EPb7Z2,
EPb7vA,
42NVPo,
g5N6JM,
9dJj2K,
xdN5Rk,
24xGvA,
AlbeWo,
ZdRrza,
qbE1Ek,
1r2oN4,
VZ1ObN,
24xGxA,
pLPpRy,
J2kvk7,
oAVL55,
lNlkWp,
QABl8l,
eBxWxo,
eBxW2E,
rlrMd5,
8dp4Ak,
RzByvv,
rlrM2p,
24xG1g,
EPb7BL,
eBxWKJ,
zKQ5J8,
ZdRrZ5,
1r2o2L,
xdN599,
YZzlpz,
bl4Q82,
PABJ80,
24xGOb,Online via local roaster
5dqPGP,
bl4Q4E,
KMBKBK,
DVv6Jj,
eBxW7E,
GrBAoz,
EPb70o,
kYRBJd,
J2kv2d,
OABMdk,
LdMLvz,
0EjRv0,
VZ1OZv,
5dqPLM,
LdMLXG,
RzByZP,
42NVvB,
GrBAqO,
BGbWj4,
BGbWB7,
ylq5o6,
J2kvLJ,
42NVjb,
bl4Q2E,
5dqPev,
6dQEvO,
jB9ALR,
9dJjpK,
LdMLE2,
xdN54E,
J2kvV7,
8dp46k,
1r2oD4,
bl4QK0,
DVv6AX,
QABlxk,
aBrqjy,
XeBP1e,
qbE1P2,
9dJjlG,
WApVPJ,
jB9A5Y,
OABMjA,
DVv6V5,
XeBPMd,
6dQEAo,
jB9AG9,
pLPpVV,
rlrMYo,
5dqPpQ,
rlrMbN,
zKQ51g,
7d9rp2,
5dqPMQ,
9dJjrE,
MAdp78,
kYRBpo,
pLPpz1,
KMBKgX,
QABlk1,
XeBPzz,
8dp4gP,
PABJ41,
QABlO1,
RzByjK,
kYRBrr,
PABJGx,
vNx5gl,
eBxWzx,
WApVZe,
Albeae,
lNlkMX,
OABMVa,
XeBP2z,
eBxWpl,
EPb7gB,
RzBy2K,
1r2oBg,
GrBAjZ,
KMBKaD,
ZdRrQV,
1r2oRg,
kYRBkZ,
oAVLzb,
aBrqzZ,
rlrMvX,
EPb76l,
24xGDM,
7d9rPa,
DVv69R,
42NVdA,
g5N6OP,
J2kvZR,
RzBylj,
qbE1zO,
jB9AEQ,
xdN5ov,
9dJja5,
EPb7N2,
kYRBQe,
24xGVD,
VZ1O46,
PABJee,
eBxWYQ,
qbE1NO,
oAVLaP,
LdMLgl,
ylq5zd,
NAB1EO,
7d9rj0,
ZdRrKB,
xdN56d,
rlrMg2,
qbE1pg,
pLPpXJ,
xdN5vk,Online: Amazon.com
vNx5a0,
LdML6J,
bl4QML,
6dQEyJ,
xdN5L5,
OABMra,
jB9AgQ,
EPb7AB,
GrBAQO,
lNlk9v,
eBxWox,
VZ1OyM,
KMBKNV,
OABMyY,
WApVjR,
OABMKR,
YZzlyW,
BGbWVK,
XeBPyL,
VZ1OBg,
1r2ox1,
LdMLVl,
oAVLQO,
pLPpNJ,
eBxWPk,
VZ1Oxj,
zKQ54R,
Albeyl,
eBxWyl,
rlrM1R,
24xGZD,
VZ1Oyy,
XeBPdg,
rlrMRN,
6dQEGk,
EPb7YB,
7d9rEa,
ylq5Rx,
MAdpgk,
g5N6vJ,
0EjRlB,
9dJjPQ,
AlbeND,
OABMkM,
zKQ5dk,
7d9rgR,
vNx5pl,
EPb7e4,
DVv6PZ,
MAdpPk,
ylq5rg,
24xG7M,
bl4Qz6,
6dQE9Y,
eBxWvQ,
ZdRrXo,
24xGy9,
xdN57r,
lNlkXk,
9dJjyV,
RzBy19,
J2kvgK,
J2kvbo,
DVv6ZE,
aBrq1B,
XeBPvY,
ZdRrAo,
NAB1O0,
J2kvBr,
ylq5px,
KMBKRg,
OABMyg,
oAVLax,
VZ1OXg,
WApVdv,
aBrqXB,
EPb7rr,
NAB1gO,
XeBPkY,
vNx5Wg,
LdMLOy,
aBrqa2,
WApVXN,
OABMeg,
NAB1xl,
dY2ekV,
LdMLBv,
Albe0e,
eBxW8e,
8dp4V5,
1r2ozp,
DVv6al,
QABl4Y,
DVv6EZ,
J2kvxR,
eBxWGe,
KMBKA8,
DVv6Wl,
QABlyG,
pLPp58,
VZ1Oqj,
XeBPNP,
jB9Aq4,
qbE1M9,
5dqPON,
rlrMW2,
dY2ezr,
oAVLgb,
GrBAaZ,
7d9rOZ,
kYRB1e,
24xGzj,
XeBPQP,
9dJj4E,
MAdpqA,
AlbeOz,
NAB1Qj,
GrBA5O,
24xGYj,
kYRBXR,
WApV6N,
dY2eXo,
QABlp7,
ylq5GX,
EPb7Al,
42NVEA,
aBrqgb,
42NVYX,
oAVL1x,
KMBKZV,
1r2oyl,
42NVEr,
g5N614,
0EjRyj,
6dQEzJ,
jB9Ara,
dY2e4K,
zKQ5vM,
YZzlgW,
pLPpZ1,
J2kvro,
xdN5B5,
rlrMp2,
QABlWG,
vNx5d4,
jB9AzQ,
MAdp2M,
7d9rYZ,
g5N6XO,
PABJr1,
RzByg4,
MAdpGl,
g5N6rD,
RzByaj,
PABJLV,
GrBA4k,
zKQ5o0,
dY2eyA,
GrBAOp,
qbE1QY,
9dJj0p,
EPb77N,
YZzlbB,
Albeek,
WApV7a,
kYRBPM,
GrBAAo,
rlrMMl,
VZ1Oag,
5dqPa6,
J2kvj4,
XeBPAj,
24xGdL,
qbE117,
42NVVk,
5dqPYo,
J2kv4d,
EPb7VX,
LdMLxj,
1r2o0Q,
bl4QJo,
42NV6b,
aBrqJv,
OABMM7,
42NVMb,
WApVaj,
RzByQ9,
OABMM8,
42NVlk,
XeBP6j,
WApVLJ,
eBxWWO,
PABJqb,
6dQEBB,
GrBAEp,
xdN5qo,
g5N6VO,
eBxWXO,
KMBKj7,
5dqP06,
zKQ58a,
EPb7RN,
DVv685,
RzByed,
oAVLjV,
dY2ery,
pLPp2b,
QABlN8,
GrBAZj,
YZzl75,
ylq58B,
ylq5AB,
AlbeR0,
dY2eoo,
YZzlAd,
NAB1NB,
aBrqR9,
LdMLr1,
zKQ5k1,
42NVbO,
oAVLJ1,
jB9AN6,
qbE1l7,
42NV0X,
7d9rrA,
5dqPNM,
ZdRrbz,
vNx5RA,
0EjRqN,
vNx59Q,
EPb72o,
dY2eJq,
g5N6od,
PABJxb,
6dQEEB,
6dQE6P,
pLPpYq,
RzByyJ,
XeBP7g,
rlrM8l,
RzByqd,
9dJjKY,
RzByNl,
VZ1O7J,
vNx5kd,
8dp4DO,
7d9rkA,
GrBAAp,
rlrMQN,
GrBAW2,
6dQEqe,
RzBypp,
zKQ5AR,
eBxWg0,
jB9AAx,
oAVLLV,
YZzl6d,
g5N6EN,
xdN5AG,
lNlkp5,
ZdRrBy,
YZzl2q,
rlrM75,
zKQ5Ba,
0EjRX0,
VZ1OgE,
9dJjjY,
J2kvE4,
rlrM4M,
1r2oLM,
8dp4Bx,
jB9A4a,
42NVVO,
bl4QRg,
pLPpqq,
AlbeXk,
42NV6O,
GrBAM2,
LdML4j,
42NVeB,
QABllp,
RzByNJ,
oAVLP1,
kYRBj1,
EPb79q,
aBrqMq,
GrBAVZ,
5dqP7d,
kYRBL6,
DVv6oR,
GrBAGj,
24xG9L,
lNlkGW,
vNx58v,
g5N6BN,
OABMRK,
eBxWVq,
g5N621,
5dqPJM,
7d9ryL,
aBrq7E,
XeBPa4,
kYRBqJ,
24xGGL,
aBrqqq,
VZ1O6v,
jB9AjR,
AlbeM0,
NAB1ZQ,
xdN5GG,
oAVLJX,
lNlkx5,
ZdRrqa,
OABM28,
xdN5by,
ylq5Lp,
0EjR96,
dY2eMA,
jB9A4x,
42NV5B,
oAVLZP,
EPb77X,
pLPpQV,
OABMq7,
PABJJ5,
1r2oQQ,
6dQEoO,
24xG6V,
lNlkkB,
oAVL8e,
rlrMz5,
42NV0k,
MAdpZp,
eBxW4E,
rlrM4v,
OABMx7,
OABMZR,
GrBAPo,
PABJxQ,
jB9AKR,
QABl98,
xdN55y,
lNlk8B,
NAB1kW,
PABJQ5,
dY2eOz,
LdML8G,
ylq5O0,
9dJjAp,
NAB1GW,
GrBAGo,
7d9rG9,
24xGWV,
5dqPRP,
KMBK9M,
kYRB26,
ZdRrry,
g5N6ld,
DVv6Qj,
aBrqW9,
MAdpxX,
rlrM9l,
7d9r0P,
BGbWRN,
BGbWNA,
xdN5Wo,
9dJjb1,
bl4Q1g,
9dJjeG,Gas station
J2kvPd,
EPb7oX,
RzByAl,
PABJKd,
42NVZb,
QABlZg,
kYRBBM,
qbE1r2,
vNx55Q,
YZzll5,
QABlQp,
jB9ARE,
EPb7Ro,
9dJjz4,
qbElL5,
RzBy7P,
pLPpjE,
jB9AO6,
BGbWMA,
dY2yqN,
ylqaNd,
zKQ5P8,
24xGqb,
MAdpog,
YZzAPv,
NAB1Kb,
qbE1xk,
PABqjP,
rlrMx5,
oAVj6M,
rlrZ5X,
OABN4a,
aBrMNW,
ZdRrpv,
VZ16zj,
0EjWQP,
24x6Eg,
zKQ6jg,
24x6XM,
5dqAXv,
bl4Jq7,
OABMpA,
qbElGO,
WAp79L,
PABq11,
eBxWdo,
QABlgk,
NABZrp,
8dp4vo,
oAVL4M,
8dplLl,
MAdxD8,
VZ16pN,
jB9VDY,
bl4J97,
zKQ6xZ,
6dQEb5,
0EjWrQ,
ZdRBOV,
MAdxeE,
VZ16p6,
lNlEBX,
dY2eLN,
rlrZOo,
Albe1W,
1r2o1L,
VZ16G6,
zKQ6YM,
BGbRde,
rlrMNL,
LdMLA2,
42NbKA,
lNlEbV,
pLP2rP,
DVv6rp,
lNlko6,
eBxW1o,Cometeer
VZ16El,
BGbWPY,
AlbX7o,
oAVLrM,
1r2aW4,
RzB9Kv,
5dqAzE,
1r2oqO,
42NbKr,
24x6PD,
OABNlM,
8dp47Y,
RzB9WQ,
jB9VZ1,
oAVj2b,
jB9VlQ,
GrBA2z,
9dJKQ5,
aBrMdX,
EPbOWB,
OABNQk,
dY2yEV,
vNx9Yl,
dY2yWD,
bl4J50,
WAp7OL,
zKQ6yk,
DVvGKE,
MAdxRk,
YZzlN6,
zKQ6Ng,
pLP2ey,
KMBjeD,
KMBjzD,
5dqAKb,
vNx9eg,
aBrM4Z,
EPb74L,
kYRPbd,
PABq91,
RzB9oK,
jB9Vb1,
qbE12k,
J2k4dX,
zKQ6DM,
7d9kl6,
8dplQz,
QABQeY,
6dQB8o,
MAdxEk,
6dQB7J,
9dJK9E,
XeBb0L,
AlbX2y,
QABQ5G,
GrBPdk,
kYRPEo,
VZ165y,
7d9kWR,
xdNWMd,
24x6jM,
DVvGkl,
7d9kx0,
aBrMYb,
XeBboP,
oAVj9N,
lNlEeo,
LdM2zJ,
YZzARv,
bl4Je6,Gas station
lNlEOo,
rlrZDX,
g5NoGD,
vNx9Dg,
dY2yar,
PABqj0,
42Nb7r,
VZ16zM,
8dplzr,
g5N6RK,
EPbO52,
g5NoqP,
KMBj1X,
jB9VQJ,
24xGMA,
6dQBLN,
xdNWav,
ylqaYX,
KMBjVX,
8dplKP,
oAVjb5,
rlrZao,
EPbOQr,
OABN1k,
WAp75v,
QABQVX,
OABMOp,
VZ1ORl,
oAVj65,
YZzlE0,
aBrMQW,
rlrZA2,
ylqa28,
OABNQM,
6dQBjA,
BGbRxR,
xdNWDd,
pLPplE,
eBxXZJ,
BGbR7R,
EPbOxB,
qbElA9,
0EjW6B,
xdNWx9,
PABJad,
BGbRpe,
WAp7Ee,
DVvGdN,
EPbOqA,
42NbXo,
qbElDO,
kYRBDj,
lNlkJp,
24x68b,
VZ16j6,
1r2aA4,
xdNWa5,
8dplNk,
BGbRXK,
J2k4AK,
NABZWj,
1r2a91,gas station
42NbB5,
aBrM5Z,
0EjRN0,
oAVjDN,
pLP2dP,
VZ16Qj,
PABJa0,
g5N6yK,
NABZl0,
AlbXve,
GrBP6O,
NABZoO,
KMBj5g,
lNlErN,
42NbxA,
OABN7a,
DVvGBE,
LdMLRO,
6dQBeN,
5dqPWP,
ZdRBEV,
8dploo,
0EjW7A,
0EjWOB,
xdNWJd,
dY2yNV,"Home roasted coffee (Fresh Roast SR800, Sweet Marias green))"
0EjR2Q,
qbEla5,
YZzAaW,
AlbXlz,
OABNAg,
NABZVl,
0EjWj6,
24x649,
dY2yYK,
0EjWLN,
DVvGNZ,
MAdx5M,
zKQ6eR,
NABZ0l,
vNx920,
RzB9zj,
EPbOJX,
oAVjvM,
9dJK1Q,
EPbOPr,
J2k42R,
ylqaq4,
8dplpx,
rlrZLl,
eBxX20,
DVvGDq,
42NboO,
dY2yPo,
GrBPJo,
zKQ6W1,
EPbOJN,
eBxXL0,
EPbO04,
PABql5,
1r2aEp,
1r2avQ,
aBrMrq,
5dqAEM,
rlrZdl,
aBrMGB,
kYRP51,
PABqX5,
ylqaop,
5dqAeP,
aBrMK9,
aBrMEv,
MAdxOM,
PABqbd,
ZdRBP0,
g5NoJ1,
VZ16bE,
VZ168g,
xdNWPy,
oAVjyx,
ZdRBYz,
6dQBOB,
QABQr7,
aBrM0v,
bl4J62,
ZdRBRy,
DVvGJq,
42Nb1b,
qbElY2,
ZdRBZa,
OABNzg,
xdNW0o,
xdNWPo,
kYRPZR,
J2k4D4,
9dJKo1,
kYRPpd,
BGbRD5,
rlrZlR,
AlbXqk,
rlrZKN,
MAdxAA,
AlbXWB,
MAdxYp,
oAVjKX,
rlrZ2M,
YZzAx6,
bl4JY2,
OABNdp,
oAVjBP,
WAp70N,
LdM20v,
lNlE46,
DVvGbX,
lNlE0W,
KMBj08,
jB9VJ6,
YZzAVq,
jB9Vz9,
0EjWPy,
42NbpB,Nespresso
42NbGd,
1r2aNO,
PABq2b,
NABZBQ,
NABZLB,
lNlENv,
WAp7Pj,
rlrZqL,
kYRPxZ,
24x6JL,
AlbX9N,
VZ16Zy,
9dJK44,
YZzAzd,
RzB9gQ,
XeBbB4,
24x67A,
zKQ6G8,
qbElE7,
PABqGd,
qbElN8,
9dJKWV,
rlrZgp,
ylqa04,
0EjWZ0,
lNlEyv,
g5Nok1,
1r2a6L,
g5NoNd,
LdM2qy,
DVvGYX,
zKQ6OZ,
bl4JE6,
xdNWLd,
zKQ6gZ,
QABQkk,
OABNL7,
24x6ge,
NABZyp,
jB9Vk6,
VZ16y6,
pLP24V,
6dQBM5,
24x6lA,
rlrZQo,
42NbNO,
jB9VY1,
RzB9kP,
24x67b,
YZzAZJ,
zKQ6Za,
g5NogM,
VZ16MJ,
pLP2Pb,
LdM2NJ,
bl4JOL,
bl4Jy7,
NABZv0,
42NbLk,
9dJKvp,
6dQB4o,
kYRPO6,
ZdRBy5,
oAVj01,
AlbX8D,
VZ16Mv,
pLP261,
vNx9Vg,
vNx9K8,
qbElBG,
7d9kj6,
KMBjkK,
vNx9z8,
zKQ6Ja,
AlbXOy,
PABqr0,
dY2yXr,
jB9VrQ,
GrBPq2,
7d9k52,
0EjW5A,
KMBjGK,
vNx9gX,
bl4J4o,
24x6Rb,
dY2ygD,
ylqar8,
DVvG9l,
RzB92v,
jB9V7x,
EPbO6L,
jB9VB4,
xdNWv9,
5dqApP,
LdM2k2,
vNx9Lv,
zKQ64k,
5dqAko,
pLP2zE,
NABZQp,
lNlE5V,
VZ16Nl,
0EjWyA,
EPbOel,
OABNKa,
8dplAA,
oAVjpN,
1r2agg,
EPbOgA,
lNlEZX,
5dqAgN,
RzB9z9,
5dqADQ,
24x6ze,
jB9V21,
0EjWGP,
aBrMxB,
KMBjAg,
AlbXGl,
9dJKR1,
LdM2E1,
6dQBzA,
dY2yKz,
MAdxdX,
6dQByN,
dY2y1V,
42NbAb,
rlrZlN,
VZ16xN,
OABNdK,
VZ16oa,
zKQ6zR,
NABZJQ,
lNlE8N,
PABqqe,
ylqa8X,
KMBj2X,
KMBjbA,
kYRP2R,
jB9VRa,
aBrMLB,
YZzAAJ,
VZ16Ra,
DVvGGZ,
GrBPVL,
9dJK05,
24x6G9,
rlrZQ2,
YZzA1B,
xdNW7d,
ylqaBg,
jB9V84,
vNx95D,
LdM22p,
NABZ2j,
RzB9yj,
qbElqg,
GrBPPk,
DVvGQq,
EPbOpX,
6dQBgk,
VZ16Wy,
GrBP8o,
MAdxWM,
J2k4Po,
GrBP2o,
1r2a1W,
AlbXXz,
lNlExk,
EPbRko,
g5NoBl,
LdM2A1,
24x6QL,
bl4pZ2,
oAVj4V,
QABQ6p,
XeBbbY,
KMBjKV,
24x62j,
oAVjrV,
aBrMWv,
9dJK8Q,
rlrZZR,
pLP2pB,
24x6qV,
EPbRKq,
KMBEYM,
qbElrG,
1r2aol,
RzB9XJ,
rlrZ8R,
5dq7BM,
5dq7KM,
oAVP61,
1r2ajQ,
5dq7bP,
DVv8kp,
BGbRPN,
YZzABW,
zKQ6pq,
zKQ9E8,
vNxZPX,
EPbRzo,
9dJkGG,
dY2yyK,
42N6r5,
eBxXOl,
7d9krR,
PABxD0,
24x6qp,
ZdR7OA,
pLPEBP,
YZzA85,
AlbgPB,
GrBPEL,
OABNO7,
dY2M0N,
oAVP25,
VZ1eGE,
jB9RlY,
6dQBXB,
rlrZzv,
J2kPqY,
EPbOGB,
eBxJ5E,
ylqQJ6,
QABZ2g,
EPbRPl,
bl4JPg,
vNxZGA,
YZz6ZN,
0Ej9d0,
AlbgBo,
0Ej9BQ,
1r2eXO,
VZ16WM,
vNx9oQ,
GrBGvj,
g5Nl9M,
qbEl89,
9dJkdE,
VZ162v,
bl4pVe,
lNlG7v,
aBrM8q,
RzBNoP,
EPbRQ2,
ZdR7dV,
8dpBdl,
xdNqrJ,
GrBGlQ,
ZdRB40,
7d9AW2,
PABqMQ,
jB9RGa,
0Ej9V0,
g5Nl5P,
Albgdl,
42N6Ak,
zKQ9ME,
DVv85N,
VZ1e8M,
aBrLEb,
24x6Wj,
pLPEL1,
qbErYG,
6dQlWP,
OAB2Aa,
OAB2b7,
vNxZMd,
eBxXVe,
DVvG6Z,
QABQqX,
ZdR7Dy,
GrBGXp,
rlr4PX,
LdMr0l,
eBxJ00,
zKQ90R,
J2kPVo,
42N6jr,
qbErd5,
8dpBAO,
DVv81l,
PABxBV,
5dq7jb,
1r2ePM,
1r2e7b,
ZdR71z,
LdMrWJ,
6dQlOJ,
KMBEyk,
bl4pNL,
xdNq0r,
eBxJYO,
VZ162J,
rlr4p5,
6dQl1k,
aBrLk9,
jB9R0a,
5dq786,
zKQ92a,
42N6zO,
1r2erg,
LdMrq2,
MAd4VX,
42N69k,
PABxYe,
GrBGy2,
EPbRb4,
ZdR7ya,
bl4Jbo,
lNlG96,
ZdR7ga,
xdNWOy,
42N6Ro,
zKQ9BZ,
5dq7GE,
g5NlDN,
42N6Do,
WApWXL,
AlbgaB,Online through roasters
xdNqlo,
KMBE2z,
5dq7xv,
QABZZY,
MAdx0p,
WApWgP,
eBxJ8J,
42N6Ob,
WApWkQ,
KMBEEg,
6dQldA,
rlr40N,
DVv8QN,
WApW6L,
g5NlBD,
QABZOp,
KMBEgk,
VZ1eAl,
YZz62W,
OAB2Yg,
8dpBBl,
VZ1e6j,
WApWWe,
rlr4e2,
6dQlqY,
8dpB2A,
NABj2p,
oAVPaM,
DVv89p,
jB9RLJ,
rlrZXl,
XeBbpg,
ZdR7e0,
WApWQJ,
XeBaWz,
xdNqzG,
WApWxv,
AlbgoD,
dY2MBK,
aBrROv,
jB9jDa,
jB9RO4,
EPbRj4,
8dpX1O,
OAB6l8,
J2kPNR,
ylqBN4,
LdMrQp,
42N6WX,
RzBAWd,
oAVq21,
BGbyPK,
OAB648,
KMB9Q8,
rlr4zR,
5dq7WE,
eBxV50,
vNxlyd,
LdMePG,
EPbRyr,
vNxZ70,
9dJ8D1,
WApLzP,
NABaJp,
9dJ8Np,
AlbEzk,
MAdWKM,
EPb2PL,
xdNAp9,
5dqJKo,
rlrejl,
7d9yRP,
rlre6L,
DVvjzj,
dY2Oqo,
AlbE6y,
pLPQP1,
J2kQlJ,
EPb20A,
BGbrD1,
RzBABK,
oAVqB5,
ylqB9p,
xdNAQE,
1r2LM4,
rlredX,
vNxlql,
XeBplg,
EPb2do,
24xW0D,
oAVqvP,
J2kQMR,
lNlxDk,
ylqBx6,
GrBZqL,
lNlxzk,
ZdRMve,
jB9jga,
aBrRzB,
oAVq0b,
XeBpQg,
pLPQ48,
8dpXyx,
oAVqaV,
6dQgAY,
xdNAoy,
ylqBoX,
eBxV8q,
oAVqa1,
24xpyV,
0EjKGN,
1r2LyW,
NABavG,
oAVq6P,
YZz1bq,
EPb2gX,
PAB78B,
8dpX8r,
WApLda,
0EjKy6,
YZz1A0,
g5NEKJ,
xdNA59,
dY2Ooz,
NABaRj,
QABbZl,
5dqJoM,
rlreXp,
8dpXYA,
KMB9AM,
WApLLL,
AlbEVy,
vNxl7g,
GrBZNe,
YZz18v,
AlbkLk,
7d9yy6,
ylqB1g,
PAB7M1,
zKQVxM,
lNlx8p,
5dqNjo,
GrBMKZ,
jB9j11,
5dqJYM,
kYR2Dr,
zKQV7a,
8dp9Nz,
vNxlRX,
9dJe7p,
VZ1Kkj,
WAp48j,
MAdWMA,
xdNGXv,
PABo6b,
OAB6OM,
6dQqO5,
kYR2Ld,
0Ej4MZ,
BGbvpQ,
8dp9L5,
8dp9po,
EPbpKr,
MAd0AX,
DVvLzq,
XeBjEd,
OABRPK,
qbEyL9,
AlbkDW,
bl4axo,
DVvLV5,
8dp9jk,
24x2LA,Online
GrBM1j,
1r2L1g,
9dJelG,
xdNG0E,
24x2vA,
LdM8M2,
MAd0Ml,
jB9KW6,
NABz8N,
bl4aL2,
J2ky8z,
ZdRxV0,
PABo0Q,
g5NBYM,
0Ej4lB,
QABGxl,
24x2DM,
MAd0qA,
ZdRxgB,
lNlp2B,
42NZeo,
RzBOa9,
GrBMjZ,
YZz2Ad,
dY274o,
PABoP1,
GrBMEp,
24x2qb,
NABz2Q,
g5NB6d,
aBrWJv,
42NZA5,
RzBOyJ,
lNlp8B,
EPbp2o,
VZ1rGy,
kYRqad,
0Ej4X0,
eBxbko,
lNlQrN,
bl4P96,
MAd0WY,
9dJe8G,
vNxkjX,
VZ1rXg,
zKQVV8,
QABGgl,
EPb9ll,
24x26V,
AlbZBe,
ylqLXd,
qbEyyd,
KMBbM8,
9dJVXE,
zKQl7M,
pLParP,
VZ1g0g,
GrBW9e,
aBrWpq,
8dpOeO,
5dqRxZ,
jB9Ne1,
KMBbo8,
DVvQKl,
dY2rYo,
24x2Jb,
KMBbkK,
ylqL9x,
BGbNGQ,
g5N2AO,
eBx4zJ,
eBx4lx,
VZ1gxN,
EPb9Y2,
XeBX9e,
oAVWQN,
6dQoVo,
vNxkK8,
NABzGb,
EPb9El,
pLPgv1,
24x2lM,
OABRKR,
24xpWb,
lNlxeW,
OAB6ER,
DVvQbX,
jB9jR9,
KMBbAX,
rlr7bo,
RzBppJ,
J2k7jK,
ZdR0bB,
bl4P1Z,
bl4Pag,
1r28gg,I do buy some green coffee and roast myself
BGbNr5,
42NeXb,
GrBWAZ,
xdNKWr,
9dJVkQ,
OABvZY,
42NeJo,
ylqV46,
pLP8oy,
5dqW9v,
NABG0O,
ylqVl8,
0EjNE9,
kYRMEZ,
8dp7Zk,
WApxEL,
EPbyLB,
GrB8Qo,
xdNOZv,
24x02L,
WApxeN,
J2k5Vo,
VZ129g,
NABGBl,
VZ12oJ,
J2k5Md,
EPbyvX,
VZ12yl,
oAVXgX,
qbE0ek,
g5NKXM,
EPbyOl,
24xQRp,
dY2BOd,
PABVoe,
xdNO19,
zKQPLq,
vNxoVX,
24xQGe,
eBxkrJ,
rlrzbp,
xdNOWd,
qbE09g,
VZ12rM,
pLPlyV,
GrB8jz,
pLPlbq,
24xM8L,
QABP67,
6dQaoJ,
PABVZx,
RzB7Pp,
QAB6Mg,
OABWXK,
ylqWYp,
VZ1kGv,
bl40qo,
NABelG,
5dqy9M,
kYRVEJ,
Alb1GN,
rlrxo5,
OABW5A,
zKQPpR,
WApvYR,
xdNOlo,
NABe7W,
aBr8zB,
MAd98k,
xdNel5,
xdNe6r,
42NgdO,
5dqyVo,
QAB6JY,
DVvl9b,
DVvlbq,
qbE2M2,
5dqyoM,
24xMzp,
42NgEk,
XeBKAd,
RzB7Qp,
GrB2GQ,
MAd9WE,
oAV4YX,
g5NRxN,
42NgM5,
lNlPqW,
aBr8JE,
42Ne8r,
LdMQxO,
XeBK0d,
8dp00l,
ZdRpqV,
24xM5V,
24xqAj,
OABWqp,
9dJzzE,
7d9809,
dY258K,
YZzEjJ,
PABMpV,
xdNkX5,
LdMA7v,
1r2Zb4,
XeBKZP,
jB9dPx,
42NWaY,
KMBq7X,
oAVry1,
QABgJk,
DVvl6p,
8dpveY,
DVvrvp,
ylqKZX,
EPbjYr,
VZ1RYl,
rlrNpR,
vNx710,
DVvrMl,
bl4B20,
WApGZk,
7d9BgZ,
PABaYx,
GrBNyk,
vNx7pD,
24xqzL,
XeBVpd,
J2kayY,
jB9O5J,
aBrbpq,
XeBVZV,
rlrx85,
eBxdOE,
BGbO2e,
NABKaW,
g5NyOD,
ylqKLW,
ylqK54,
ZdR4pA,
jB9dOY,
1r2ZLO,
qbYZaO,
AlboEW,
BGL4dR,
jB0DlJ,
eBNZDx,
J2VKAR,
jB0DQ4,
0Ebr79,
qbYZR9,
yl0ZDB,
xd0xPo,
XeRlWY,
eBNZA0,
6d1J4N,
J2VKgX,
aBjN4X,
VZ9EVv,
yl0Zep,
7dJlza,
XeRlQe,
WAe90j,
dYZqdK,
Al6PLz,
eBNZzJ,
J2VKGX,
PABaAP,
YZoDgv,
24b8Y9,
ZdG5yV,
RzZK14,
LdE14p,
QAx2qG,
bl2Vy6,
Grovo2,
0Ebry9,
PA2jNB,
VZ9Eyj,
lN0DEk,
WAe9GJ,
eBNZdq,
pL0xab,
BGL4r5,
KMPQ9A,
1rbP1M,
6d18jo,
EPBkqq,
MArKXl,
24bEBg,
yl0PXW,
zK0xYg,
RzZG44,
42142r,
BGLzXe,
MAreLA,
OAjDGM,
rl0jGl,
jB0aW4,
xd0Xy5,
dYZWjK,
pLPjdJ,
EPBkPl,
0EbQbN,
yl0PeB,
Grox5j,Office
8dJ1rA,
4214qo,
aBjQgW,
aBjQyy,
jB0ap9,
7dJRez,
BGLz71,
NA4p5W,
6d18eo,
lNlQkv,
8dJoAY,
6d18yo,
OAjD6g,
dYZWer,
YZo58J,
8dJ175,
XeRxKg,
oA09eX,
rl0jRp,
MAr1DY,
rl0DO5,
bl2Z70,
QAxoJY,
421a7B,
vN0XBX,
yl0XYW,
NA4q0p,
7dJXK9,
WAeJek,
Al6rdo,
rl0DvN,
yl0Xdg,
KMPpk8,
rl0DJN,
6d1DWJ,
zK0EJk,
8dJNGr,
XeR5zg,
bl25aZ,
VZ9pXE,
DVXqPb,
xd0Vgo,
9d6NaY,
g5QbLJ,
OAjQg8,
PA2RWQ,
PA2RLd,
qbY58k,
J2V17r,
LdEDeJ,
g5QbEJ,
xd0VLG,
RzZWAQ,
kY0bMr,
YZojoW,
6d1L8J,
0EbV9P,
oA09Xb,
MArXNp,
bl2ZB1,
jB0ZZa,
dYZENo,
7dJqKP,
aBj94v,
pL0ryq,
qbYLA2,
24bX4p,
oA0E9P,
PA2pOb,
eBNMEE,
XeRLLg,
yl0Mjd,
NA4rNQ,
1rbXOl,
Al6zN0,
24bXgj,
EPBK7o,
YZoPDW,
lN0BYo,
yl0Mgx,
dYZEVo,
EPBKpL,
jB0Z4E,
Al6zgW,
9d6BKG,
vN0rj4,
LdEZRv,
RzZxOP,
dYZELD,
oA0D9b,
DVXKql,
MArXjX,
7dJbL0,
OAjlzR,
0Eb7MN,
qbYaBY,
aBjeBv,
RzZd4d,
yl0Nx4,
VZ9j8J,
XeRrBO,
ZdG8b0,
XeRrOd,
6d1eA5,
24bBlb,
kY09zd,
9d6XPV,
6d1epo,
zK0NRM,
bl29y1,
lN0qY6,
RzZd2Q,
eBND8k,
lN0BDN,
24bXyj,
RzZdlK,
YZoR15,
g5QeBd,
kY09M6,I make it at home and drink it on the go.
XeRJxV,
EPBddA,
kY0eNZ,
VZ9QGl,
vN0eAl,
EPBdQl,
1rbd4b,
DVXkeZ,
RzZM8d,
QAxe0G,
RzZMvJ,
8dJapO,
dYZaZq,
pL0y5E,
8dJa6x,
7dJLP9,
DVXkPX,
ZdGEWv,
6d1jYN,
EPBde2,
WAeEMN,
PA21Nx,
jB06VJ,
OAj46g,
VZ9Qvv,
KMP57A,
oA0RGM,
42178d,
bl2j0g,
PA29Rb,
KMPxY7,
9d6ZDK,
aBj4EZ,
zK0M20,
MAra58,
jB0ovx,
dYZ08o,
PA29Pb,
xd0Dlr,
J2VlWo,
dYZ0pA,
aBj40Z,
7dJKYz,
MAraqY,
WAeRaL,
XeRoaz,
VZ9Pya,
24bAoL,
6d1KqA,
EPBlyl,
WAeRxk,
5dl90b,
OAjXOY,
RzZojd,
24bA0e,
421KXY,
EPBxlN,
oA026x,
8dJZzO,
OAj7zK,
8dJZN5,
YZo4r0,
EPBxxN,
6d1Zx5,
lN060X,
421K15,
WAeRVL,
zK07oa,
vN0Pp0,
oA02LX,
7dJN5Z,
VZ9z7v,
J2VOgo,
eBNRqx,
9d67bK,
421r7Y,
WAezOe,
YZoajN,
EPBWPX,
24bX0b,
LdEPgv,
BGL7D7,
QAxRll,
LdEpLj,
eBNRJO,
rl0Pev,
eBNRVO,
6d1NEP,
pL0OXB,
VZ95pl,
rl0ABp,
oA0MD5,
421x2Y,
PA25pP,
bl2xOZ,
VZ9Jzy,
Al6Lvy,
aBjYvE,
VZ95xl,
GrodaO,
EPBQjN,
7dJ26P,
PA26z0,
PA2690,
OAj56R,
jB0yy1,
LdEbJl,
7dJW4R,
OAjzjg,
dYZ62d,
KMP6W8,
GrozzO,
RzZ0Y4,
8dJQar,
KMPl5D,
qbYDVO,
PA2D2d,
DVXNMq,
WAeN6Q,
8dJKgY,
DVXNop,
YZoQK6,
ZdGNey,
zK0qVk,
Al6dOW,
RzZ01P,
VZ90e6,
zK0qR8,
J2V26Y,
RzZzMJ,
XeReMe,
bl2lkE,
Gror7k,
oA0AgP,
RzZzg9,
QAxAqg,
Al6lgN,
RzZ4x4,
bl2klo,
KMPMg8,
PA2Eq5,
24brbV,
vN020Q,
yl0D7W,
xd0Z4G,
pL0VEB,
PA2E9V,
lN0LKk,"Online (Amazon, Cometeer, Sey, Stumptown, Oren's Coffee, etc.)"
bl2LeE,
rl0L9M,
zK0rDa,
RzZYXK,
oA0dW5,
OAjJ0K,
yl0EqW,
dYZDzr,
rl0dJp,
zK0rl8,
24bxPD,
QAxB11,
7dJ9VA,
kY005o,
8dJJGz,
zK00O8,
6d1rZe,
1rbD1L,
RzZv5d,
rl0J0M,
RzZVaP,
NA4d6b,
1rb6OQ,
PA2krV,
BGL0v1,
RzZjd9,
PA2rZb,
0EbG0A,
0EblMP,
QAxXXp,
VZ9yLy,
dYZVYz,
421dxO,
g5QpyD,
ZdGyJa,
6d159J,
9d6yGX,
EPBEDN,
OAj9JK,
VZ9APy,
zK02pE,
pL09rJ,
vN01zX,
dYZ1Ly,
yl0p26,
xd0LMk,
0EbyNZ,
EPBrrA,
KMPNqA,
dYZ4Lq,
aBjPVB,
PA2LNd,
WAeXWR,
Al6NMo,
RzZQG9,
pL0X88,
YZoXgd,
Al6Ypk,
xd07Jo,
bl2XQ0,
XeRdOY,
421Y15,
yl0pvg,
kY04pR,
WAe6Bj,
EPBGrX,
GroVAj,
RzZQyl,
YZob20,
VZ9aKE,
4210X5,
BGLoze,
kY04Md,
yl0bW6,
bl2RdL,
jB0r8R,
EPBVKl,
aBjJeX,
MArZAp,
NA4vpQ,
Al6YG0,
xd0byG,
ZdGkZA,
xd0bvk,
421Yyk,
vN069v,
QAx9Ol,
zK0B5a,
7dJ0a6,
bl2RPe,
LdExxv,
xd0bKG,
ZdGb5v,
aBjpNy,
7dJ7L2,
ZdGb8A,
WAeaYN,
421lqd,
KMPrWM,
NA42jj,
5dlaPZ,
1rbQLl,
VZ9WWj,
J2VE7o,
pL0prV,
8dJ4kr,
8dJbO5,
BGLWAQ,
MArpbE,
EPB7JB,
bl2QVo,
1rbogO,
ZdGrXv,
5dlP0b,
yl0574,
7dJYrL,
pL0p0B,
NA41kO,
RzZ9Md,
EPBVEB,
LdE2P1,
1rbav4,
YZoAkW,
zK06rZ,
qbYlJg,
24b6lD,
YZolB0,
WAe71v,
5dlAod,
J2V4BR,
6d1Bx5,
aBjMgv,
LdE2B1,
GroPMQ,
8dJlOk,
421be5,
yl0aKd,
NA4Zep,
LdE2AJ,
ZdG7oB,
OAj2QY,
QAxZKY,
VZ9eEj,
QAxZoX,
24bWa9,
RzZNGK,
kY0o0j,
EPBO42,
LdErgl,
NA4j2B,
dYZM4K,
4216Gr,
OAj2P8,
g5Ql6l,
1rbQAL,
PA2xLe,
zK09P8,
MArW1E,
J2VQK7,
KMPEj7,
421MJ5,
zK09M0,
kY0oQe,
J2VQqz,
OAj6lM,
YZo1QW,
MArWYp,
ZdGM2V,
pL0QyP,
ZdGMlo,
g5QEA4,
kY02eZ,
bl2oOL,
xd0APy,
EPB28o,
24bpOV,
EPB2bN,
LdEeGp,
MArWLM,
yl0QNX,
GroOb2,
rl0ek5,
bl2oKe,
NA4a8G,
7dJy1L,
oA0qlV,
xd05Ad,
pL0EGV,
PA27Bb,
RzZNVQ,
9d6k64,
QAxbe1,
xd0qov,
24bDag,
aBjRaE,
rl0eqL,
PA27P0,
xd0ABE,
8dJXEo,
ZdGML5,
5dlJgQ,
LdEejy,
EPB2YA,
6d1gzN,
KMP9bA,
J2VQ54,
lN0x46,
5dlJ7E,
BGLrPN,
8dJ9NA,
8dJ9Kr,
vN0Re8,
421ZLr,
YZo1L5,
LdE80y,
qbYyOg,
zK0VKg,
rl0XVo,
PA2o5x,
qbYyb5,
5dlNZb,
eBNbAx,
OAjR0a,
kY0LOR,
KMPXLX,
kY0LAr,
jB0KLJ,
Al6kbz,
WAe4Mv,
9d6eEV,
MAr0VX,
6d1qWP,
BGLvAQ,
eBNbyq,
YZo2x5,
ZdGxvo,
aBjWKB,
24b2lj,
zK0Vo8,
8dJ9RO,
WAe4BP,
MAr0PY,
lN0pzW,
NA4zdQ,
GroMYZ,
jB0KJx,
EPBpMN,
24b2Vp,
1rbjEg,
g5QB6J,
6d1q4e,
9d6eg4,
jB0Kq9,
DVXL6E,
dYZ7yV,
zK0VO1,
g5QBpN,
9d6ey1,
RzZOqv,
vN0R6X,
oA0JJb,
EPBpo2,
bl2aG2,
QAxGkp,
VZ9rRg,
ZdGxB5,
xd0G5k,
J2Vy5K,Gas Station
J2VyvX,
7dJQ9R,
0EbXQy,
7dJQOz,
8dJ9Xl,
rl0XKo,
WAe4vv,
OAjRqk,
g5QBoJ,
zK0lMq,
RzZO7j,
NA4kXG,
8dJ9vP,
GroW6p,
YZo2Av,
1rbjQ4,
421Z6r,
PA2oG5,
OAjv1R,
lN0Q65,
DVXQzb,
DVXLgN,
Al6kVz,
EPB9LA,
rl07A5,
5dlRvv,
5dlRb6,
aBjWWX,
RzZp4P,
PA2KBx,
DVXQyq,
xd0KBy,
rl07PM,
rl07dX,
5dlRpZ,
5dlReZ,
xd0G4r,
9d6VR5,
eBN46E,
pL0a41,
rl07vR,
PA2K5d,
LdElkp,
xd0KYG,
zK0lA1,
VZ9gJa,
pL0a6b,
DVXQWR,
LdEljG,
xd0KbG,
DVXQrl,
vN0ojg,
9d6Vk4,
pL0apZ,
rl077p,
WAeyxR,
BGLM4e,
GroWMQ,
aBjVYE,
KMPbbz,
dYZr5V,
421e7X,
yl0L7g,
1rbq9p,
eBNkMk,
YZo82z,
YZoN0J,
0EbX29,
24bQXD,
bl2bV6,
7dJ62P,
RzZE4J,
DVXgkZ,
PA2VO5,
24bQeL,
YZo8eB,
6d1adB,
J2V52d,
XeRXyj,
421eNB,
VZ92Pg,
yl0Vvp,
J2V5bo,
QAxPXX,
dYZBzr,
aBj7lZ,
dYZBeq,
PA2VP1,
qbY0XG,
7dJ6OZ,
rl0zbN,
jB01jR,
8dJ7Bx,
bl2bP2,
zK0PpE,
YZoL0N,
xd0erk,
WAev9L,
OAjWlM,
yl0W28,
421gB5,
XeRKeY,
6d1XeN,
NA4epN,
jB0OZ1,
RzZ70j,
dYZ5bD,
LdERNp,
aBj8rq,
vN0QGX,
PA2VKd,
421g1O,
VZ9k9a,
6d1XRP,
ZdGpev,
g5QRJ1,
0EbpD0,
421ga5,
0EbpkQ,
EPB4JX,
KMPqxg,
VZ92pM,
QAx6zA,
ZdGpJo,
24bMRg,
EPB4Pr,
yl0Wkd,
dYZ5VV,
7dJ852,
VZ9ky6,
zK0a8M,
0EbpWj,
yl0W8X,
PA2aJe,
5dly0Z,
VZ9kRv,
ZdGpqy,
rl0zKv,
24bM69,
24bMXM,
ZdGpAe,
24bMBM,Wawa
24bMKD,
eBNdrx,
5dlyld,
6d1XAe,
rl0XqM,
Al6V2y,
0EbpQP,
ZdG06a,
EPB2aL,
bl2BVe,
XeRVlO,
OAjpDK,
KMP7lD,
RzZXGp,
dYZLxV,
NA4KXN,
5dl6vZ,
kY0DK1,
LdEAbJ,
jB0dQ1,
24bqre,
LdEAEv,
jB0d5a,
EPBjLB,
xd0kZv,
421WvY,
J2VaJR,
xd0kly,
aBjb9E,
24bqRp,
RzZXbd,
dYZLJV,
ZdG4ya,
RzZX9K,
24bqlL,
BGLOW1,
421W6r,
OA81Q7,
kY0D2o,
qbYx9g,
WAl9Oj,
XeOlxj,
pL0jMZ,
Rz8KDl,
AlWPBB,
blNVVL,
xd9xaJ,
5dEKdb,
MA8KaY,
WAeGGN,
9d2GlK,
24O8PA,
zKWXbR,
jBGDW1,
VZoE4y,
XeRVRg,
yleZ08,
VZoEby,
g5WjNP,
Rz8KZK,
Ld51Vj,
QA82OG,
vNqjz0,
vNqj6d,
J28KbJ,
kYOaKo,
blNVJE,
1rGP7O,
OA81vM,
OA81RM,
YZVD76,
OA81MA,
PA8jVx,
zKWXB8,
MA8K0E,
qbjZNG,
42PXe5,
8djo9k,
xd9x9d,
zKWXVZ,
6dr82B,
OA8Dag,
5dEBbE,
QA8KBk,
oAlbEx,
42PXVo,
eB9qre,
eB9qxo,
dYQWYA,
g5WD9l,
Ld51Zj,
NA8pBb,
42P41o,
AlW7Qe,
OA8DVY,
PA8dEQ,
VZoLb6,
aBZQA2,
OA8Dka,
g5WDkJ,
oAlb5N,
8dj16r,
QA8KkY,
rl2jYo,
EP8kYr,
ylePpg,
GrYx7e,
8dj1jk,
6dr8pN,
PA8dLV,
DV04PZ,
9d2qaV,
PA8jy5,
XeOxkY,
AlW7kW,
g5WDB1,
VZoLrE,
QA8Kgl,
YZVjaW,
24OEMb,
Rz8GXv,
vNqjL4,
zKWxaE,
aBZQ8y,
NA8q7O,
eB955Q,
dYQb6K,
aBZNLW,
jBGe9E,
rl2y5l,
KM8plV,
ZdP9R0,
rl2DLl,
aBZOZ9,
pL4eJZ,
42Pazo,
9d2N4K,
XeO52V,
EP8qA2,
EP8zro,
AlWPgo,
AlWrjN,
aBZOvy,
xd9xzr,
VZopvE,
eB9ZWo,
24Ojye,
8djNDz,
eB95oJ,
J281Po,
Rz8Wyj,
PA8RQB,
blN5jL,
5dEXJ6,
xd9x8J,
vNqX5D,
XeO56Y,
xd9Vbv,
pL4eYB,
NA8qGQ,
0EoV9y,
J281Nd,
DV0q8R,Online ordering
QA8oy1,
6drDoB,
VZopRa,
aBZ95W,
9d2GA1,
GrY6x2,
g5WaaK,
BG8EjA,
aBZ9GX,
aBZOMB,
AlWzdy,
jBGZ74,
rl2Djp,
zKWjyE,
9d2BvV,
KM8za7,
GrY6re,
OA8aLg,
NA8rA0,
5dEbDb,
jBGZBQ,
GrY6JZ,
yleXOB,
OA8akK,
jBGZvR,
GrY6Xp,
zKWjd1,
Ld59k1,
MA81dX,
J28qao,
5dEbNZ,
VZoGry,Online Retailers
6drDqP,
1rGXe1,
PA8pVV,
AlWKzk,
lNVBok,
PA8pVe,
zKWNxa,
0Eo7O0,
9d2XD4,
VZojZl,
NA8DVN,
7d4bx9,
qbjab8,
jBGby9,
zKWNKE,
Ld5zz1,
XeOrQg,
dYQN8K,
rl2Bgl,
5dE4eE,
QA8Mk7,
g5WD6d,
jBGaVR,
Rz8dZK,
42PBdO,
GrYxZ2,
GrYKgp,
NA8Ddl,
DV0Kbq,
oAlDkx,
kYOb9r,
OA8lg7,
VZoGJ6,
VZojqJ,
42PQRd,
qbja4Y,
Rz8KWd,
VZoL46,
WAl9ee,
PA8Dq0,
YZVR8v,
5dE4Ab,
oAlD8M,
1rGk8b,
rl2BZL,
vNqer0,
PA815b,
WAlEEN,
kYOe7j,
pL4y0y,
NA8lDl,
qbjDWk,
XeOJMV,
1rGdKM,
WAlrbP,
7d4L12,
J28p8z,
pL4y4y,
oAle1P,
DV0kER,
AlW2vk,
MA8N0g,
EP8dVX,
oAleL1,
9d2ZNX,
NA8l2Q,
8djaYO,
6drjXo,
PA81MP,
EP8d7o,
1rGdqL,
xd9Dxk,
BG8pae,
pL4y8E,
24OABe,
rl2Bzo,
ZdPO2B,
kYOGdZ,
zKWy91,
eB9rLO,
9d2Z6G,
pL4or1,
dYQ0DA,
1rG4xb,
5dE9EP,
9d2ZjQ,
24OALV,
pL4o2J,
8djLyl,
0Eo859,
9d2Zp1,
oAlRqe,
6drK0J,
lNVO4V,
AlWp9o,
EP8lO4,
g5Wqll,
8djL45,
VZoPrv,
rl2oD5,
XeO40z,
oAl26X,
DV07Bp,
NA87DN,
MA8Ezl,
5dE9DN,
jBGlx4,
blNWNg,
GrYRLk,
GrYR0k,
MA8EAk,
OA8787,
24OKL9,
pL4D9E,
VZozlM,Make at home for to go.
vNqPqv,
kYONrJ,Seattle Coffee Gear
aBZ2lE,
BG8xbQ,
AlWB5N,
DV076l,
Rz8D9K,
jBGl1a,
AlWB1D,
24OK29,
24OPPA,
g5WGdN,
7d4xXA,
ZdPaNA,
ZdPadA,
eB9R6J,
VZoJ4g,
ZdPaGe,
zKWYR1,
1rGV6p,
BG87r1,
PA8OJ0,
QA8V6X,
WAlzbQ,
vNqyev,
aBZY5v,
8djQeY,
9d2D11,
PA8595,
XeOWRe,
qbjAN9,
42PxP5,
oAlMgx,
lNVdxp,
6dr2Be,
42PxMB,
0Eo6NQ,
zKWDg0,
6dr2lO,
EP8WgN,
Ld5WAz,
MA8bXl,
jBGQK9,
7d4Ng6,
NA86q0,
Rz80oj,
GrYz6e,
rl2AgR,
NA86AB,
24Oeej,
DV0Nvb,
zKWD61,
Ld5b5O,
24OerL,
QA8DA8,
Rz80VP,
AlWd4N,
8djKEr,
24OeoM,
yle6oW,
NA8oKO,
5dEzOQ,
0Eox59,
Rz80kv,
7d4WYR,
oAlyxN,
OA8zZg,
1rGlOb,
OA8zpp,
GrYz2j,
PA8Add,
dYQ6Jo,
aBZBNE,
jBGB6Y,
ylelXW,
AlWdeD,
VZoZYg,
ylelvg,
VZoZvv,
qbjbj7,
Rz8zrp,
oAlALb,
ylelyX,
42P20r,
1rGVNl,
ylelbd,
YZVORq,
24OkKb,
ZdPV6A,
jBGM04,
0EoMMA,
dYQAjr,
YZVOYN,
rl2Kql,
DV010Z,
KM8oBX,
g5WA1N,
8djkWx,
GrY142,
Ld5GRl,
PA8Exx,
7d4ZRR,
xd9ZYo,
GrY1GO,
0EoPBN,
eB9EEo,
24OrLb,
YZVdVv,
PA80Pe,
J280BR,
oAlO1e,
zKWe98,
xd9Z7o,
yleDb4,
7d4NML,
24Or0b,
QA80QA,
KM80XK,
8djGNl,
oAlOxx,
oAloDO,
OA80vA,
Rz8L7Q,
0EoLb0,
GrYLqQ,
KM8Lgg,
zKWJ7k,
dYQjYd,
AlWDde,
WAlYYN,
5dEvMP,Roasting friend
YZVYvz,
dYQjpN,Make a pot from home that I take with me.
EP8Dr2,
NA8Y1O,
OA8Yxa,
42PveX,
eB92Gx,Roasting friend
GrYDNp,
oAldrV,
NA8Yvp,
kYOWV1,
qbjKvY,
DV0JEj,
pL472P,
yleEB8,
42PoWY,
0Eo8pZ,
NA805j,
jBG96E,
zKWQja,
42PN8B,
42PN2B,
GrYBJQ,
WAlpBj,
VZo1bM,
EP8bar,
8djpW5,
kYORko,
VZo1BJ,
J28kGo,
vNqxbv,
vNqxp0,
AlWbko,
0EojW0,
VZo1el,
lNVlPX,
Ld5MLO,
aBZjQZ,
XeOBKz,
xd90dy,
jBG0la,
vNq0Xl,
XeORJY,
6dr1OO,
GrYoqQ,
VZo946,
1rGbOg,
AlW6Nz,
eB9Nlk,
Rz8Z7p,
PA82QV,
VZo91E,
J288qz,
Rz88xv,
24OOAe,
6drrRk,
xd99Ny,
J288B7,
DV00VZ,
MA88WM,
vNqq14,
xd99Gr,
7d4JOR,
5dE89b,
VZovVj,
oAlKke,
42PAoA,
YZVpBz,
WAlD0e,
aBZAYE,
5dEeb6,
aBZK8b,
7d4aDz,
xd9R4v,
zKWGyq,
aBZAD2,
BG8jLe,
6drWyB,
NA8Mj0,
GrYq4p,
aBZAWW,
jBGkaJ,
8djRol,
g5WkQK,
vNqdzg,
PA8GWe,
zKWLyk,
eB9v7O,
YZVkOB,
blNvR1,
lNVvz6,
QA8kPp,
0EoaXN,
9d24ZK,
24O70L,
lNVv5V,
BG8eRe,
Ld5oZj,
KM8R9z,
ylegqW,
jBGgEQ,
7d4jzR,
NA8gMW,
0EolEy,
vNqpVl,
rl2pWX,
24OZrj,
24OZ99,
GrYyvj,
aBZo4W,
GrYyv2,
oAlpr1,
blNyVg,
kYOQN1,
DV0Py5,
KM8Nkg,
MA82rp,
KM8718,
DVABNq,
PAvpP1,
aBK9lZ,
7d1qYZ,
aBK5GX,
241AGA,
oAK2l5,
eBKaMk,
g5Y9XO,
AlAB5z,
oAKGpN,
zK2YQq,
dYKdod,
7d1xrR,
aBKYRX,
oAKMjb,
kYKybM,
WADNek,
NAM6Yp,
jB5yQ9,
yljly0,
oAKBJe,
eBKAGk,
KMv6KK,
vNE2Zl,
KMvLNM,
lNKWjB,
PAvXE5,
9dpvKG,
0E1vgN,
OAdJzR,
pLRWYb,
5d8GLd,
1rDJYl,
241vE9,
rlGraX,
KMvJZX,
BGADYN,
g5YNYd,
YZpzy0,
OAdBMa,
dYK2oV,
vNE0Dd,BYOC
J2XkXd,
vNE0Y8,
DVAXPb,
EPv8WN,
YZpVlq,
jB5MEY,
42AA2k,
DVAAYl,
g5YW51,
WADM8v,
NAMbXp,
1rDDZO,
qboJdg,
0E11K6,
pLRJ9y,
QAvzjk,
EPvZjN,
xd4RKr,
42Ap4O,
0E1D5Z,
g5YkOd,
ZdvD8z,
lNKMov,
rlGJKR,
RzvkQl,
241oZD,
aBKzLq,
Xe1QPj,
GrX79O,
DVAW05,
MAvG7g,
QAv458,
KMvO2z,
8dAEWk,
VZvdYN,
BGADV5,
yljg5d,
pLR9Z1,
pLR1jb,
g5YxdK,
7d1ge9,
oAKaVP,
ZdvLxe,
lNK9jV,
PAvLGe,
Xe1dzY,
6dAGGe,
7d1YLZ,
vNEaD0,
pLRNKb,
zK2AN0,
LdvjJ2,
DVAoQj,
xd4bKy,
blKRbo,
xd48r9,
9dp0bY,
Rzvqrp,
GrXOqp,
0E1qKB,
GrXOXp,
7d1rKL,
Zdvr9y,
vNE5Og,
8dA45x,
Xe1PKP,
g5Y6KP,
pLR20y,
RzvqeQ,
8dABok,
8dAB1r,
OAd2ZY,
kYK2lj,
RzvADQ,
9dp82p,
NAMaMQ,
pLRElV,
241pJj,
jB5KdJ,
eBKxvq,
dYKPVN,
GrYYvz,
jB5Ne4,
5d8Rbo,
7d1GbZ,
OAdOL8,
blK0G0,
xd4kxy,
g5YRyl,
Xe1KVj,
VZvREv,
zK2p0M,
J2XaDr,
pLRj4B,
yljKbW,
VZvRWl,
blY5eZ,
Al47oW,
lNYaNN,
WAKOvP,
8d6Nxl,
jBJeBJ,
QAz1z7,
lNYBPN,
PAbpo1,
1rNdW1,
oA5EQ1,
KMW55V,
Zd1Eao,
VZbQlv,
rlJOM2,
8d6ZNA,
NAbX0l,
DVxplq,
Xe84rd,
blYW2Z,
NAb78l,wandering bear cold brew from home
oA5285,
eB0aEx,
vNJP54,
RzbPjj,
oA5GOM,
Al4vRB,
9dRQYG,
24lNeL,
9dRDjY,
NAb6Pb,
dY86Dq,
vNJA6l,
OAbzv7,
eB0BZq,
BGjXPN,
9dRdbV,
DVx1aR,
J2eDgY,
GrqJeo,
Xe8YXY,
VZbMby,
RzbJ9v,
VZb1Wv,
qbJoAk,
xdR4ro,
PAbvbe,
rlJGpv,
VZbv6N,
24l1RL,
OAbV78,
xdRgQy,
5de0vv,
g5JybJ,
42p4kd,
42paed,
eB0ezx,
Ld69rj,
aBaYav,
DVZNMN,
eBYArx,
AljJve,
J2WRlr,
7dpxRz,
PAGExV,
PAG05P,
8dRe5Y,
RzVLkd,
Xe2EGV,
42pjyB,
1rpMZg,
GrQL1z,
qbkKrG,
rlkdNv,
OAoB5M,
bl62ee,
GrQYrj,
bl6Nr2,
YZxV75,
8dRAxz,
BG2jrR,
BG2j71,
lNMvqk,
5dpOVM,
jBkEvR,
ZdZWkv,
dYkpxA,
0EDlP0,
42pdPB,
zK1oKM,
24Dylp,
QAOaNl,
KMaZGk,
24DYOb,
24DYpV,
KMa2YK,
dYkJoN,
Ld6L9j,
blYxP2,
KMaj18,
24DOYj,
dYkydo,
Ld68Ay,
RzVOOv,
yldOGB,
oAkX95,
Ld6lQ2,
oAkXAP,
aBa8l9,
qbkxdk,
lNMoMv,
J2Wa7X,
J2M1ko,Bean-to-cup machine at gas station
7dMLqa,
42zJob,
MAMNrY,
eBvrAl,
BG0pZK,
VZDzDg,
ZdDdjy,
pLvp8J,
J2M4vz,
lNvxGB,
jBv18R,
42zgZb,
BG0OK1,
24o8aA,
kYzalJ,
42OQ7r,
NAPD6p,
zKdykZ,
RzjoPd,
jBzo99,
Grb9O2,
g5z9gM,
OAE5V7,
5dVzNP,
DVaVJ5,
7dEobZ,
9d4vR4,
vNzL7d,
GrbJYp,
Al96kN,
MAV78l,
Al9jbl,
24oDgL,
blzzoL,
VZNxYM,
DVaWjl,
KMGOe7,
blzgY1,
KMGOjK,
LdOgG1,
yl1GZ8,
Zdegkz,
BGe5v5,
eBz8bE,
xdz8yk,
oAzL9x,
0EkEeB,
QA4GOY,
9d4eBQ,
rlYNrp,
rlqy52,
qbN5N7,
AlQKkB,
8dEazr,
DVWzjb,
oAxM95,
lN4RDV,
jBEq21,
QAEpMA,
xd67ZE,
WAZarR,
OAVNZK,
jBEVgx,
aBlMgq,
oAxPWX,
qbN99Y,
Ldo8Pz,
0EAKN6,
J2BN4o,
9dxN61,
xdgr4o,
LdVpav,
BG67VA,
Xe90az,
1rO7Wp,
dYzkGz,
kYgAej,
1rOvvQ,
1rOvMQ,
Rz2JQv,
ZdWzBV,
24VxvM,
pL54N8,
QAjOAg,
42EpEY,
PA44VP,
vNgpPD,
g5ggRM,
rlgbDN,
0EGYe9,
