submission_id,dairy
gMR29l,
BkPN0e,
W5G8jj,
4xWgGr,
QD27Q8,
V0LPeM,
V0Gaxg,
AdzRL0,
LbWda2,
EXQLWN,
2eNLJg,
xpa2K9,
V00RoJ,
7WWB4A,
pKL8aB,
Zd694B,Whole milk
QAeYZY,
QA5JYA,Half and half
Rz5BPj,
jyDqva,Oat milk
eB7QoJ,
24xzlg,
DVvoqX,Oat milk
1r2YJQ,
24xYOV,
AlbYao,Whole milk
J2krYz,
WAp6ak,
aBr18q,
42NYWO,
6dQ08e,Whole milk
J2kj9J,
8dpDNA,
EPbVlL,
ylqbBg,
vNx6A4,
KMB2og,
qbEQPO,
9dJ0O5,Whole milk
BGboZR,Whole milk
oAVNdO,
YZzBdN,
VZ17Z6,
RzBeZj,
0Ej0GZ,Skim milk
0Ej0GZ,Oat milk
eBxO4l,
WApbkQ,Whole milk
0Ej0WA,
9dJYlQ,Half and half
BGbJzQ,Whole milk
BGbJzQ,Half and half
OABqpR,Almond milk
bl41Zg,
GrBVrk,
WApbYk,Oat milk
WApbYk,Soy milk
eBxG20,
24x9NA,
NAB2qB,
RzBqoJ,
jB98xY,
LdMxB2,Oat milk
LdMxB2,Soy milk
GrBOrz,Oat milk
5dqajd,
VZ1W0E,
NABN5G,
6dQY8o,
WAp6va,Half and half
EPbVGA,
OABqQp,Whole milk
OABqQp,Half and half
OABqQp,Flavored coffee creamer
DVvOop,
KMBrLz,Skim milk
jB9r21,Whole milk
pLPYLE,Half and half
oAV8yX,Whole milk
aBrp0W,Flavored coffee creamer
g5NPxK,Oat milk
bl41kE,Half and half
GrBO1z,Half and half
GrBO1z,Whole milk
xdN8Q9,
vNx8Xv,Oat milk
dY2JPN,Coffee creamer
MAdjLE,
6dQ6xo,Skim milk
7d97lZ,
0EjqPQ,
BGbJD4,
9dJYbp,Whole milk
xdNbJ9,
EPbVLl,
pLPNQJ,
AlbMLW,
EPboPq,Whole milk
ylq8yW,
J2kEDz,Coffee creamer
24x9Lg,
0EjYb6,
ZdRb6a,Whole milk
ZdRb6a,Oat milk
WApbdP,
24xY69,Half and half
RzBqWd,
RzBqLv,
oAV8d5,
oAV8OM,
AlbYyW,
KMB4kk,Skim milk
KMB4kk,Soy milk
42N0Kd,Whole milk
0Ej0VZ,Almond milk
0Ej0VZ,Skim milk
0Ej0VZ,Whole milk
rlrQQo,Oat milk
vNx84X,Whole milk
OABxLk,
MAd2V0,
8dpbGk,
zKQ8ja,Whole milk
YZzBLJ,Whole milk
YZzBLJ,Flavored coffee creamer
QABNdl,Whole milk
8dpbko,
XeB6Ee,
KMBroK,Whole milk
KMBroK,Flavored coffee creamer
KMBroK,Oat milk
24x9rg,
dY2JjD,Whole milk
LdMjyz,
9dJYM1,
kYR4rj,
pLPN7q,
6dQ0eO,Whole milk
6dQ0eO,Half and half
42NlLd,
LdMxaj,
BGbJZ4,Half and half
J2kER7,Whole milk
eBxgQO,Whole milk
eBxgQO,Half and half
eBxgQO,Coffee creamer
J2kELz,
LdMjqJ,Whole milk
oAVNeM,
oAVZ95,
eBxGvE,
g5NPYO,Oat milk
xdNbxo,Almond milk
zKQ8ZZ,
rlrQxl,Half and half
rlrQxl,Whole milk
rlrQxl,Almond milk
VZ1W8N,
WAp6PN,
DVvo9l,Whole milk
DVvo9l,Oat milk
ylqAdB,
rlrQP2,
EPbo0L,
ylqAY6,
AlbR7B,
EPbVxA,
BGboo4,
dY2GGD,Whole milk
oAV8o5,Skim milk
WApa9N,
BGbJE5,Flavored coffee creamer
BGbJE5,Coffee creamer
0EjzA9,
vNx6YX,Coffee creamer
WApaAQ,Oat milk
J2krZX,
oAVN6V,
VZ1WVN,
42Nlko,
RzBq4P,
1r2QM4,
LdM4d2,Half and half
42N0dB,Flavored coffee creamer
jB98M9,
1r205O,Oat milk
5dq0yE,
YZzb4N,
QABq7Y,
PABQDd,
9dJY7E,Flavored coffee creamer
9dJY7E,Oat milk
9dJY7E,Coffee creamer
9dJY7E,Half and half
9dJY7E,Whole milk
9dJY7E,Soy milk
24xYgM,
KMB25K,
RzBqzP,
GrBEvo,Oat milk
GrBEvo,Whole milk
rlrQrv,Whole milk
LdMxpz,
ZdRblA,Whole milk
ZdRblA,Skim milk
ZdRblA,Oat milk
ZdRblA,Soy milk
bl4My7,
XeB72d,Whole milk
zKQBXq,
rlr9Yv,Coffee creamer
rlr9Yv,Flavored coffee creamer
rlr9Yv,Whole milk
dY2GNy,Oat milk
zKQA18,Half and half
zKQA18,Whole milk
ZdRAAV,Coffee creamer
ZdRAAV,Oat milk
VZ17Ev,
NAB2Ab,
rlr9yM,Oat milk
5dqYbv,Whole milk
AlbRKW,
ylqb6X,Half and half
dY2o6d,Whole milk
dY2o6d,Oat milk
dY2oKz,Half and half
oAVN61,Oat milk
rlr9yv,
kYR4Nr,Whole milk
kYR4Nr,Skim milk
zKQ4kq,
RzBeoP,
24xYJL,Oat milk
ZdRAWA,
rlr9OL,Whole milk
rlr9OL,Half and half
rlr9OL,Almond milk
PABQdQ,Coffee creamer
1r20NQ,
qbEqj2,Skim milk
g5NV9P,Oat milk
42NY8Y,
GrBVJp,Skim milk
7d90RL,
lNl8WV,Flavored coffee creamer
vNxaEA,Whole milk
vNxaEA,Oat milk
0EjY5P,
eBxO5q,Oat milk
blx47Z,Whole milk
blx47Z,Coffee creamer
lNlXyB,Half and half
1r2Yx4,
1r20WM,Whole milk
1r20WM,Half and half
J2krad,
DVvo05,Whole milk
DVvo05,Half and half
VZ1aJj,
42N0ab,
aBrJxZ,Oat milk
9dJ0qG,
PABN1x,
8dpDDk,
qA2y0O,Whole milk
V0ELg6,Coffee creamer
zKQ8Qg,
VZ1WYN,Whole milk
jB98W1,Whole milk
24x9Rj,
rlr82o,
QABNj7,
vNx8El,
jB98WY,
LdM4Op,
qbE8gG,
bl41zZ,
xdN8yk,
rlr8LX,Oat milk
jB98ga,
pLPY01,Half and half
GrBODO,
7d97a0,
WApale,
0EjqlN,Oat milk
oAV8dN,
0Ejqaj,
5dqaeZ,
g5N8v4,
oAV8lb,
AlbMyz,
jB9871,Skim milk
9dJA2E,
PABZBx,
DVvRWR,
dY2JDV,
bl41Y1,Coffee creamer
bl41Y1,Flavored coffee creamer
rlr8vR,
xdN89d,Almond milk
kYR8Jo,
YZz7xW,
RzBq29,
24x9DD,
rlr8k2,
7d97ER,
GrBOBO,
42NlPr,
XeB6OP,Oat milk
VZ1W4y,
kYR8ve,
YZz7oN,
OABxYM,Whole milk
xdN8lv,
eBxgYk,Whole milk
RzBqj9,Oat milk
RzBqj9,Flavored coffee creamer
1r2QGg,
pLPYZJ,
MAdj6k,
OABxER,
BGbJ0K,
qbE8jO,
kYR8ze,Almond milk
GrBODQ,
vNx8KD,
oAV8VN,
VZ1Wxg,
24x9Oe,
KMBrO8,Whole milk
WApa1v,
bl41gL,
EPbovB,Coffee creamer
EPbovB,Flavored coffee creamer
EPbovB,Half and half
ylq8e8,Oat milk
24x9ZL,
MAdjGM,
24x9Zj,
rlr8kR,Soy milk
g5N8pl,
rlr8qN,
ylq87g,
GrBO7Z,Whole milk
NAB2Rj,Oat milk
RzBqkj,
xdN86r,
9dJArQ,Oat milk
EPboa4,
WApaQN,Oat milk
WApaQN,Whole milk
WApaQN,Almond milk
42NlN5,
AlbM50,Oat milk
QABNap,Whole milk
dY2Jkd,Oat milk
RzBqr9,
lNl89W,Half and half
PABZGB,Half and half
RzBqjj,Half and half
LdM4ov,
GrBO5k,
ZdRbWo,Half and half
AlbMQD,Whole milk
42NlqX,
24x9D9,
oAV81V,
QABNE7,
6dQ6QN,
KMBrkV,Whole milk
g5N8NJ,
aBrpab,Flavored coffee creamer
aBrpab,Half and half
OABxVR,Half and half
aBrpPq,
bl41vZ,
oAV8kO,Half and half
qbE8NG,Skim milk
eBxgoe,
aBrpkB,Half and half
vNx8g0,Oat milk
NAB2Ol,Half and half
GrBObk,
kYR8x1,Oat milk
kYR8x1,Soy milk
g5N8z4,Whole milk
g5N8z4,Coffee creamer
g5N8z4,Oat milk
g5N8z4,Flavored coffee creamer
lNl8zv,Whole milk
jB98z4,
RzBqVj,
BGbJ6Q,
5dqagd,
QABN8Y,Whole milk
QABN8Y,Coffee creamer
24x9o9,Oat milk
BGbJ9Q,Whole milk
BGbJ9Q,Oat milk
BGbJ9Q,Almond milk
BGbJ9Q,Half and half
PABZrV,
lNl84k,Almond milk
rlr8YR,
zKQ8L0,
NAB2El,Soy milk
9dJAMV,Whole milk
YZz79J,Coffee creamer
5dqaod,Coffee creamer
5dqaod,Half and half
GrBOgp,Whole milk
GrBOgp,Skim milk
dY2Jgo,
AlbMAe,
XeB6d4,
QABNX8,Oat milk
1r2QBp,
VZ1WY6,
LdM4Vv,
6dQ6MJ,
oAV8vx,
oAV8gP,Whole milk
EPboJ2,Oat milk
MAdjVA,
EPboEX,
6dQ64k,Whole milk
NAB240,
pLPYzB,
OABxEg,Whole milk
NAB2gB,
vNx8vQ,Oat milk
LdM4yj,
qbE8k9,
qbE8v9,Whole milk
qbE8v9,Oat milk
dY2J8d,Whole milk
jB98Yx,Half and half
rlr8gN,Oat milk
XeB6Ng,Whole milk
OABx97,Almond milk
OABx97,Flavored coffee creamer
42NlEX,Whole milk
LdM4al,
ZdRbDB,Whole milk
6dQ6Vk,
8dpbVx,Whole milk
6dQ65P,Whole milk
6dQ65P,Coffee creamer
6dQ65P,Half and half
6dQ65P,Skim milk
1r2Q6l,
7d97MR,Flavored coffee creamer
7d97MR,Half and half
ylq8GB,Whole milk
ylq8GB,Almond milk
kYR8p1,
8dpbgx,
VZ1Wqg,
WApaBa,
dY2J1q,
vNx8W0,
5dqaOo,
QABNWp,Whole milk
ZdRbQo,
NAB2yB,
oAV81e,
PABZYx,Whole milk
PABZYx,Half and half
PABZYx,Coffee creamer
PABZYx,Oat milk
PABZYx,Flavored coffee creamer
PABZWb,Half and half
XeB6v4,Coffee creamer
XeB6v4,Oat milk
XeB6v4,Whole milk
9dJAxQ,
DVvRE5,Coffee creamer
DVvRE5,Whole milk
DVvRE5,Oat milk
DVvRE5,Flavored coffee creamer
lNl87X,Oat milk
eBxgye,Oat milk
aBrpgq,
OABxrR,
WApajv,
1r2QxQ,
AlbM9z,
8dpbWO,
7d97zA,Whole milk
24x9zV,
VZ1W9j,
rlr8YN,
xdN80d,
1r2QgW,Whole milk
EPbo64,
qbE877,
KMBrGV,Oat milk
6dQ6WY,Half and half
EPboA4,Whole milk
PABZy5,Whole milk
ZdRbgz,Whole milk
EPbo6r,
6dQ6zB,Oat milk
6dQ6zB,Whole milk
LdM4Ey,Half and half
ylq8gg,
42NlOY,
MAdjPM,
8dpb5O,Whole milk
1r2QRl,Whole milk
jB985Q,
J2kEBo,Oat milk
J2kEBo,Almond milk
eBxgvk,Half and half
eBxgvk,Almond milk
7d97jZ,Whole milk
dY2JzK,
PABZe5,Whole milk
PABZe5,Half and half
J2kEGo,Whole milk
J2kEGo,Half and half
J2kEGo,Oat milk
ylq8zx,Whole milk
ylq8zx,Skim milk
WApapR,Coffee creamer
xdN8z5,
NAB2dj,
ylq81x,
vNx8zD,Flavored coffee creamer
vNx8zD,Oat milk
vNx8zD,Almond milk
vNx8zD,Soy milk
vNx8zD,Coffee creamer
oAV8zP,
QABNkG,Half and half
8dpbDA,
YZz760,
PABZqd,Whole milk
PABZqd,Oat milk
oAV8LX,Half and half
XeB6Pd,
AlbMRB,
jB98XR,Whole milk
NAB2Zb,Almond milk
aBrpMy,Whole milk
OABxKK,Whole milk
pLPYlP,
EPbooq,
XeB6je,Whole milk
XeB6je,Coffee creamer
XeB6je,Half and half
XeB6je,Oat milk
PABZq0,
GrBOE2,Whole milk
pLPYYZ,
GrBOVj,
DVvROb,
rlr8Z5,Whole milk
rlr8Z5,Half and half
KMBr2M,
kYR8BJ,
aBrpJ9,Whole milk
aBrpJ9,Oat milk
bl41a0,
RzBqyp,
1r2Q0M,
GrBOO2,
jB98V6,Half and half
QABNpg,
DVvR6j,Whole milk
xdN8q9,
xdN8W9,
9dJAzX,
rlr8ep,
WApa4L,Oat milk
WApa4L,Whole milk
lNl8pV,
9dJAbX,
zKQ8A1,Whole milk
QABNP1,
pLPYEE,Almond milk
GrBOMQ,Whole milk
RzBqpQ,
24x9MM,
7d9rX0,
YZz72z,Whole milk
42Nl0b,Whole milk
42Nl0b,Oat milk
lNl8JX,Whole milk
xdN8kd,Whole milk
VZ1WWE,
bl4QV6,Almond milk
LdM4xG,Whole milk
VZ1OLj,
KMBrrk,
5dqaWQ,Half and half
NAB22W,Half and half
eBxWZx,Oat milk
OABxOM,
lNl825,Whole milk
EPboy2,
LdM48z,
KMBKYX,
NAB21W,Oat milk
42NlMo,Whole milk
42NlMo,Half and half
BGbJv4,
rlr8No,
24xGEe,Half and half
lNlkBN,
eBxWae,
WApavR,
1r2o9p,
OABM7R,
aBrqOX,Whole milk
qbE1GG,
8dp4aP,
0EjR7j,
YZz7EN,
OABxRk,Half and half
AlbMgN,
lNlk6k,
OABxWM,Coffee creamer
OABxWM,Oat milk
OABxWM,Flavored coffee creamer
xdN5Yy,
AlbMYB,Whole milk
AlbMYB,Soy milk
AlbMYB,Oat milk
ylq5Jg,
VZ1WRj,
jB9Ala,Whole milk
YZzl4B,
J2kvz4,
oAV8W5,
oAVLGe,
KMBKlA,
6dQEDY,Half and half
1r2o7Q,
1r2oVQ,
0EjR8y,
LdMLzp,
LdML7p,Oat milk
jB9Ab4,Oat milk
aBrq4B,
DVv6Nq,
DVv6pR,
rlrMON,Whole milk
g5N6Ml,Half and half
NAB1oB,
VZ1Ojy,
dY2exq,
RzByo9,Whole milk
rlrMoN,Skim milk
XeBP4g,Skim milk
DVv6qN,
vNx5P0,
6dQEZk,Whole milk
qbE1d7,Whole milk
qbE1d7,Oat milk
bl4QeL,
PABJ55,
aBrq9b,
LdMLPv,
qbE1VY,Whole milk
oAVLEx,
PABJ1V,
0EjR6N,Half and half
0EjR6N,Whole milk
BGbW75,Whole milk
8dp4L5,
GrBARZ,
rlrMBR,
J2kEvY,Coffee creamer
J2kEvY,Flavored coffee creamer
J2kEvY,Half and half
GrBAve,
g5N6qO,Flavored coffee creamer
J2kvOo,Whole milk
GrBAlp,
7d9r2P,Half and half
7d9r2P,Whole milk
1r2odl,Whole milk
J2kvdR,
jB9APx,
DVv6kZ,
xdN8Ok,
NAB1qO,Whole milk
GrBA9Z,Oat milk
bl4Qdg,
5dqPZo,
J2kEyz,Oat milk
jB98j9,
DVv67R,Whole milk
QABlV8,
LdMLpj,
42NVrX,
VZ1OpM,
42NlWr,Whole milk
42NlWr,Half and half
KMBKV8,
aBrq6q,Almond milk
aBrq6q,Skim milk
aBrq6q,Half and half
oAVLeP,
YZzlPW,Whole milk
zKQ5jM,Whole milk
XeBPJY,
kYRB61,Whole milk
kYRB61,Half and half
kYRB61,Soy milk
zKQ5y0,Skim milk
RzBy5d,
ZdRrNy,Whole milk
6dQE7B,
0EjRey,Whole milk
0EjRey,Half and half
QABlDp,Coffee creamer
QABlDp,Almond milk
QABlDp,Oat milk
24xGB9,Half and half
24xGB9,Flavored coffee creamer
EPb7QX,
qbE1AY,
RzByD9,Skim milk
42NVQY,Whole milk
EPb7XX,
Albe2z,
PABJ9V,
rlrM5R,
kYR8Pj,
J2kvqK,Whole milk
J2kv1K,
PABJpB,Whole milk
EPb7l4,Oat milk
EPb7l4,Soy milk
EPb7l4,Half and half
XeBP0j,Whole milk
vNx5Yv,
NAB1WB,
42NV8k,Whole milk
VZ1OQg,Oat milk
LdMLWj,Half and half
LdMLKv,
zKQ5Ya,Oat milk
pLPpoJ,Whole milk
pLPpoJ,Oat milk
lNlkqv,
GrBO2O,
KMBK1A,Half and half
KMBK1A,Flavored coffee creamer
dY2e9o,Whole milk
dY2e9o,Oat milk
9dJjQp,
QABl58,
BGbWk5,
24xGPj,Oat milk
0EjRdB,Whole milk
0EjRdB,Half and half
RzByPd,
RzBq9P,
PABJ65,Half and half
oAVLRP,
24xGPL,
rlr84L,
VZ1O0v,Whole milk
8dp4xO,Coffee creamer
bl4QWL,
qbE1a9,Whole milk
VZ1O5J,
rlrMPl,Oat milk
EPb7XN,Oat milk
dY2e0o,
lNlkyB,Whole milk
lNlkyB,Flavored coffee creamer
lNlkyB,Coffee creamer
BGbJo7,
xdN5ay,Oat milk
xdN5ay,Soy milk
GrBAdp,
BGbWxQ,
MAdpzp,Oat milk
RzBy0J,Whole milk
PABJ1e,Half and half
XeBPWj,
g5N6Gl,
jB9AZJ,Half and half
jB9AZJ,Whole milk
jB9AZJ,Coffee creamer
g5N6e4,
0Ejq9Q,
xdN8EG,
zKQ5Da,Whole milk
zKQ5Da,Oat milk
xdN5Xv,
24xGAj,
lNl8j5,
YZz7Nv,Whole milk
VZ1OEj,
oAVLAV,
vNx52A,
bl4Qlo,
PABJ0Q,Oat milk
42NVkO,
9dJjdY,
WApV0J,
1r2oEM,Coffee creamer
1r2oEM,Flavored coffee creamer
jB9AME,
GrBAro,
KMBK67,Whole milk
KMBK67,Oat milk
KMBK67,Soy milk
xdN5QG,
XeBPe4,Oat milk
8dp4kx,
EPb71N,
qbE1Wd,
eBxWBO,
6dQExe,
24xGrp,Whole milk
0EjRbQ,Whole milk
5dqP2M,Whole milk
QABlrg,
xdN5Qo,
MAdpJg,Oat milk
vNx5AQ,Flavored coffee creamer
YZzldq,Half and half
YZzldq,Skim milk
RzByYp,
zKQ5zq,
5dqPkd,
dY2eZN,
1r2ovO,
PABJB0,Oat milk
AlbeDW,Oat milk
GrBA1o,Whole milk
6dQE15,
LdMLG1,
LdML0G,Whole milk
zKQ5Kq,
J2kvJY,Soy milk
rlrMVM,
DVv6eb,
5dqPdd,
RzByLl,Whole milk
5dqPvP,
YZzlV0,Whole milk
vNx54A,
XeBPG4,
jB9ABE,
PABJ8P,
RzBy4J,
jB9AxR,
dY2eYA,
0EjRJ0,
PABJvP,Oat milk
DVv60p,
rlrMKv,
9dJjJ4,
oAVL0M,
vNx5Od,Oat milk
vNx5Od,Almond milk
vNx5Od,Soy milk
vNx5Od,Whole milk
QABlYA,
24xGkp,
7d9roL,
lNlkNW,
g5N64N,Whole milk
g5N65d,Half and half
7d9rdA,Whole milk
lNlkL5,
rlrMKM,
0EjRoQ,Whole milk
GrBA1j,
qbE1b7,Oat milk
qbE1b7,Soy milk
oAVLVM,Whole milk
RzByRl,
g5N6QK,Coffee creamer
g5N6QK,Flavored coffee creamer
GrBAYz,Oat milk
GrBAYz,Half and half
GrBAYz,Skim milk
QABlBk,
vNx5NQ,Oat milk
6dQEro,
eBxWNo,
NAB1MN,
dY2eDy,Whole milk
MAdpvE,
MAdp5Y,
9dJjE1,
PABJ20,
8dp4eA,
DVv65b,
qbE1o8,
OABMBA,
oAVLlM,Skim milk
5dqPEb,
6dQEOO,Half and half
jB9A99,
7d9r46,
qbE1Yk,
pLPpWZ,
VZ1Olv,
OABMJp,
aBrqry,
7d9r9z,Whole milk
oAVLl5,
aBrqZW,
lNlk06,
ZdRrGv,
xdN5ZG,Whole milk
lNlkYV,
VZ1OME,
rlrMrL,Oat milk
rlrMrL,Whole milk
42NVAd,
jB9AJ1,Oat milk
rlrMr5,
WApVpQ,Whole milk
ZdRrvA,Whole milk
8dp4dx,Whole milk
vNx5JX,Almond milk
vNx5JX,Oat milk
vNx5JX,Flavored coffee creamer
zKQ5e1,Whole milk
zKQ5e1,Oat milk
lNlkKV,Whole milk
rlrMJX,
8dp4PY,Whole milk
LdMLaz,
rlrM0L,Whole milk
PABJBd,
NAB1Rp,
42NV9d,Whole milk
jB9A76,
OABMLK,Half and half
GrBABz,
YZzlY6,
YZzlo0,Whole milk
g5N671,
qbE1k5,Whole milk
7d9r16,
24xGkV,Whole milk
BGbWA4,Whole milk
rlrMJp,Whole milk
bl4Qr2,
aBrqDE,
YZzlrq,
VZ1O9l,
EPb7Lo,Whole milk
EPb7Lo,Half and half
jB9A09,Oat milk
jB9A09,Almond milk
GrBAL2,
EPb7Z2,Half and half
EPb7vA,
42NVPo,Whole milk
g5N6JM,Whole milk
9dJj2K,
xdN5Rk,Whole milk
24xGvA,Oat milk
24xGvA,Whole milk
AlbeWo,
ZdRrza,Whole milk
qbE1Ek,
1r2oN4,
VZ1ObN,
24xGxA,Whole milk
24xGxA,Oat milk
pLPpRy,Whole milk
pLPpRy,Oat milk
J2kvk7,
oAVL55,Oat milk
oAVL55,Almond milk
oAVL55,Soy milk
lNlkWp,Coffee creamer
QABl8l,
eBxWxo,
eBxW2E,
rlrMd5,Oat milk
8dp4Ak,
RzByvv,Oat milk
rlrM2p,
24xG1g,Oat milk
24xG1g,Almond milk
EPb7BL,
eBxWKJ,Whole milk
zKQ5J8,
ZdRrZ5,
1r2o2L,Oat milk
1r2o2L,Whole milk
xdN599,
YZzlpz,
bl4Q82,Whole milk
PABJ80,Half and half
24xGOb,
5dqPGP,
bl4Q4E,
KMBKBK,Half and half
DVv6Jj,
eBxW7E,
GrBAoz,
EPb70o,
kYRBJd,
J2kv2d,
OABMdk,
LdMLvz,Whole milk
0EjRv0,
VZ1OZv,
5dqPLM,Whole milk
5dqPLM,Oat milk
LdMLXG,
RzByZP,
42NVvB,Whole milk
GrBAqO,
BGbWj4,Oat milk
BGbWB7,Half and half
ylq5o6,Whole milk
J2kvLJ,Whole milk
42NVjb,Whole milk
bl4Q2E,
5dqPev,Oat milk
6dQEvO,
jB9ALR,Whole milk
jB9ALR,Half and half
jB9ALR,Oat milk
jB9ALR,Almond milk
9dJjpK,Half and half
LdMLE2,Oat milk
LdMLE2,Flavored coffee creamer
LdMLE2,Skim milk
xdN54E,Oat milk
J2kvV7,Whole milk
8dp46k,Whole milk
1r2oD4,
bl4QK0,Oat milk
bl4QK0,Soy milk
bl4QK0,Almond milk
DVv6AX,
QABlxk,Oat milk
QABlxk,Half and half
aBrqjy,
XeBP1e,Oat milk
XeBP1e,Whole milk
qbE1P2,
9dJjlG,Oat milk
9dJjlG,Almond milk
9dJjlG,Soy milk
WApVPJ,Whole milk
jB9A5Y,
OABMjA,
DVv6V5,Skim milk
XeBPMd,
6dQEAo,Coffee creamer
jB9AG9,Oat milk
pLPpVV,
rlrMYo,Half and half
5dqPpQ,
rlrMbN,
zKQ51g,Soy milk
7d9rp2,
5dqPMQ,Oat milk
5dqPMQ,Whole milk
9dJjrE,
MAdp78,
kYRBpo,Half and half
pLPpz1,Skim milk
pLPpz1,Half and half
pLPpz1,Almond milk
pLPpz1,Soy milk
KMBKgX,
QABlk1,Skim milk
XeBPzz,
8dp4gP,
PABJ41,
QABlO1,Skim milk
RzByjK,
kYRBrr,
PABJGx,
vNx5gl,
eBxWzx,
WApVZe,
Albeae,Oat milk
lNlkMX,Whole milk
OABMVa,
XeBP2z,
eBxWpl,Skim milk
EPb7gB,
RzBy2K,
1r2oBg,
GrBAjZ,
KMBKaD,
ZdRrQV,Half and half
1r2oRg,
kYRBkZ,
oAVLzb,
aBrqzZ,Oat milk
rlrMvX,
EPb76l,
24xGDM,
7d9rPa,Whole milk
DVv69R,
42NVdA,Oat milk
g5N6OP,
J2kvZR,
RzBylj,Coffee creamer
qbE1zO,Half and half
jB9AEQ,
xdN5ov,
9dJja5,
EPb7N2,
kYRBQe,
24xGVD,Whole milk
VZ1O46,
PABJee,
eBxWYQ,Half and half
qbE1NO,
oAVLaP,
LdMLgl,
ylq5zd,
NAB1EO,
7d9rj0,Whole milk
7d9rj0,Skim milk
ZdRrKB,
xdN56d,Oat milk
rlrMg2,Half and half
qbE1pg,Oat milk
qbE1pg,Almond milk
pLPpXJ,
xdN5vk,
vNx5a0,
LdML6J,
bl4QML,
6dQEyJ,Whole milk
6dQEyJ,Half and half
xdN5L5,
OABMra,
jB9AgQ,
EPb7AB,
GrBAQO,
lNlk9v,
eBxWox,
VZ1OyM,Coffee creamer
KMBKNV,
OABMyY,
WApVjR,Whole milk
OABMKR,
YZzlyW,
BGbWVK,Oat milk
XeBPyL,
VZ1OBg,
1r2ox1,Whole milk
LdMLVl,
oAVLQO,
pLPpNJ,
eBxWPk,
VZ1Oxj,
zKQ54R,
Albeyl,
eBxWyl,Whole milk
rlrM1R,Half and half
24xGZD,
VZ1Oyy,
XeBPdg,
rlrMRN,
6dQEGk,Whole milk
EPb7YB,
7d9rEa,
ylq5Rx,
MAdpgk,
g5N6vJ,
0EjRlB,Skim milk
9dJjPQ,
AlbeND,Whole milk
AlbeND,Skim milk
OABMkM,
zKQ5dk,
7d9rgR,
vNx5pl,
EPb7e4,
DVv6PZ,
MAdpPk,Half and half
MAdpPk,Whole milk
ylq5rg,Whole milk
24xG7M,Coffee creamer
bl4Qz6,
6dQE9Y,
eBxWvQ,Whole milk
ZdRrXo,
24xGy9,Whole milk
xdN57r,Half and half
lNlkXk,
9dJjyV,Whole milk
RzBy19,
J2kvgK,
J2kvbo,
DVv6ZE,Oat milk
aBrq1B,
XeBPvY,Oat milk
ZdRrAo,
NAB1O0,
J2kvBr,
ylq5px,Flavored coffee creamer
KMBKRg,
OABMyg,
oAVLax,
VZ1OXg,Half and half
WApVdv,
aBrqXB,Flavored coffee creamer
EPb7rr,Oat milk
NAB1gO,
XeBPkY,Whole milk
vNx5Wg,
LdMLOy,
aBrqa2,Whole milk
aBrqa2,Half and half
WApVXN,Whole milk
OABMeg,
NAB1xl,Whole milk
dY2ekV,Skim milk
LdMLBv,Flavored coffee creamer
Albe0e,Whole milk
Albe0e,Skim milk
Albe0e,Half and half
eBxW8e,Half and half
8dp4V5,
1r2ozp,
DVv6al,Soy milk
QABl4Y,Whole milk
DVv6EZ,Skim milk
J2kvxR,
eBxWGe,Whole milk
KMBKA8,
DVv6Wl,
QABlyG,
pLPp58,
VZ1Oqj,
XeBPNP,Whole milk
jB9Aq4,
qbE1M9,Coffee creamer
5dqPON,
rlrMW2,
dY2ezr,Oat milk
dY2ezr,Coffee creamer
dY2ezr,Half and half
oAVLgb,
GrBAaZ,
7d9rOZ,
kYRB1e,Coffee creamer
kYRB1e,Oat milk
24xGzj,Flavored coffee creamer
24xGzj,Coffee creamer
XeBPQP,Half and half
XeBPQP,Coffee creamer
XeBPQP,Flavored coffee creamer
9dJj4E,
MAdpqA,
AlbeOz,
NAB1Qj,
GrBA5O,
24xGYj,
kYRBXR,
WApV6N,
dY2eXo,
QABlp7,
ylq5GX,
EPb7Al,
42NVEA,Coffee creamer
aBrqgb,Flavored coffee creamer
42NVYX,
oAVL1x,
KMBKZV,
1r2oyl,
42NVEr,
g5N614,Whole milk
g5N614,Flavored coffee creamer
0EjRyj,
6dQEzJ,
jB9Ara,
dY2e4K,Whole milk
dY2e4K,Oat milk
dY2e4K,Coffee creamer
dY2e4K,Flavored coffee creamer
zKQ5vM,
YZzlgW,
pLPpZ1,Whole milk
J2kvro,
xdN5B5,Whole milk
rlrMp2,
QABlWG,
vNx5d4,
jB9AzQ,Half and half
jB9AzQ,Flavored coffee creamer
jB9AzQ,Whole milk
MAdp2M,
7d9rYZ,
g5N6XO,
PABJr1,Whole milk
PABJr1,Half and half
RzByg4,Whole milk
RzByg4,Oat milk
MAdpGl,Whole milk
g5N6rD,Almond milk
g5N6rD,Whole milk
g5N6rD,Half and half
RzByaj,Whole milk
PABJLV,
GrBA4k,
zKQ5o0,
dY2eyA,
GrBAOp,
qbE1QY,
9dJj0p,
EPb77N,Oat milk
YZzlbB,
Albeek,Oat milk
WApV7a,
kYRBPM,
GrBAAo,
rlrMMl,
VZ1Oag,
5dqPa6,
J2kvj4,
XeBPAj,
24xGdL,
qbE117,
42NVVk,
5dqPYo,
J2kv4d,Skim milk
EPb7VX,
LdMLxj,Whole milk
1r2o0Q,Whole milk
1r2o0Q,Oat milk
1r2o0Q,Almond milk
bl4QJo,
42NV6b,Oat milk
aBrqJv,
OABMM7,
42NVMb,Whole milk
WApVaj,
RzByQ9,Oat milk
RzByQ9,Almond milk
RzByQ9,Soy milk
OABMM8,
42NVlk,Whole milk
42NVlk,Oat milk
XeBP6j,Oat milk
WApVLJ,Whole milk
WApVLJ,Coffee creamer
eBxWWO,
PABJqb,
6dQEBB,
GrBAEp,
xdN5qo,Coffee creamer
g5N6VO,
eBxWXO,
KMBKj7,
5dqP06,Whole milk
5dqP06,Oat milk
zKQ58a,Whole milk
EPb7RN,
DVv685,Oat milk
RzByed,
oAVLjV,
dY2ery,Whole milk
pLPp2b,Whole milk
QABlN8,
GrBAZj,Oat milk
YZzl75,
ylq58B,Whole milk
ylq5AB,Oat milk
AlbeR0,Oat milk
dY2eoo,
YZzlAd,
NAB1NB,
aBrqR9,Oat milk
aBrqR9,Almond milk
LdMLr1,
zKQ5k1,
42NVbO,Whole milk
oAVLJ1,Whole milk
jB9AN6,
qbE1l7,
42NV0X,
7d9rrA,Whole milk
5dqPNM,Whole milk
5dqPNM,Oat milk
5dqPNM,Half and half
ZdRrbz,Half and half
vNx5RA,
0EjRqN,
vNx59Q,Oat milk
EPb72o,Oat milk
dY2eJq,
g5N6od,
PABJxb,Whole milk
PABJxb,Coffee creamer
PABJxb,Flavored coffee creamer
PABJxb,Almond milk
6dQEEB,
6dQE6P,Flavored coffee creamer
pLPpYq,
RzByyJ,Skim milk
XeBP7g,
rlrM8l,Whole milk
RzByqd,
9dJjKY,Whole milk
RzByNl,Oat milk
VZ1O7J,Whole milk
vNx5kd,Oat milk
8dp4DO,
7d9rkA,
GrBAAp,Coffee creamer
rlrMQN,
GrBAW2,Whole milk
6dQEqe,
RzBypp,
zKQ5AR,
eBxWg0,
jB9AAx,
oAVLLV,Whole milk
YZzl6d,
g5N6EN,Whole milk
xdN5AG,Whole milk
xdN5AG,Flavored coffee creamer
xdN5AG,Oat milk
lNlkp5,
ZdRrBy,Whole milk
YZzl2q,
rlrM75,
zKQ5Ba,Half and half
0EjRX0,Whole milk
0EjRX0,Oat milk
0EjRX0,Half and half
VZ1OgE,
9dJjjY,Whole milk
9dJjjY,Half and half
J2kvE4,
rlrM4M,
1r2oLM,
8dp4Bx,Oat milk
jB9A4a,
42NVVO,
bl4QRg,
pLPpqq,
AlbeXk,
42NV6O,
GrBAM2,
LdML4j,Whole milk
LdML4j,Oat milk
42NVeB,
QABllp,
RzByNJ,
oAVLP1,
kYRBj1,
EPb79q,
aBrqMq,Whole milk
GrBAVZ,
5dqP7d,
kYRBL6,
DVv6oR,
GrBAGj,
24xG9L,
lNlkGW,Whole milk
lNlkGW,Skim milk
vNx58v,
g5N6BN,
OABMRK,
eBxWVq,
g5N621,
5dqPJM,Half and half
7d9ryL,Oat milk
7d9ryL,Whole milk
aBrq7E,
XeBPa4,
kYRBqJ,Whole milk
kYRBqJ,Oat milk
24xGGL,
aBrqqq,
VZ1O6v,
jB9AjR,Whole milk
AlbeM0,Whole milk
AlbeM0,Half and half
AlbeM0,Coffee creamer
AlbeM0,Oat milk
NAB1ZQ,Whole milk
xdN5GG,
oAVLJX,Almond milk
oAVLJX,Oat milk
oAVLJX,Whole milk
oAVLJX,Flavored coffee creamer
lNlkx5,
ZdRrqa,Skim milk
OABM28,
xdN5by,Flavored coffee creamer
xdN5by,Almond milk
ylq5Lp,
0EjR96,
dY2eMA,
jB9A4x,
42NV5B,Half and half
oAVLZP,
EPb77X,Whole milk
pLPpQV,Whole milk
OABMq7,Whole milk
PABJJ5,
1r2oQQ,
6dQEoO,
24xG6V,Whole milk
lNlkkB,Whole milk
lNlkkB,Almond milk
oAVL8e,
rlrMz5,
42NV0k,
MAdpZp,Skim milk
eBxW4E,Whole milk
eBxW4E,Oat milk
rlrM4v,
OABMx7,Whole milk
OABMZR,Half and half
GrBAPo,Flavored coffee creamer
PABJxQ,
jB9AKR,
QABl98,Soy milk
xdN55y,Skim milk
lNlk8B,
NAB1kW,
PABJQ5,
dY2eOz,Flavored coffee creamer
LdML8G,
ylq5O0,Almond milk
9dJjAp,
NAB1GW,Oat milk
NAB1GW,Whole milk
GrBAGo,Whole milk
7d9rG9,
24xGWV,Half and half
5dqPRP,Half and half
KMBK9M,
kYRB26,
ZdRrry,Whole milk
g5N6ld,Whole milk
g5N6ld,Skim milk
DVv6Qj,
aBrqW9,Whole milk
aBrqW9,Half and half
MAdpxX,
rlrM9l,
7d9r0P,
BGbWRN,Oat milk
BGbWNA,
xdN5Wo,
9dJjb1,Whole milk
bl4Q1g,
9dJjeG,
J2kvPd,Whole milk
EPb7oX,
RzByAl,
PABJKd,Skim milk
42NVZb,Whole milk
QABlZg,Whole milk
kYRBBM,Half and half
qbE1r2,Oat milk
vNx55Q,
YZzll5,
QABlQp,Whole milk
QABlQp,Almond milk
QABlQp,Oat milk
jB9ARE,
EPb7Ro,Skim milk
9dJjz4,
qbElL5,
RzBy7P,
pLPpjE,Coffee creamer
jB9AO6,
BGbWMA,Whole milk
dY2yqN,
ylqaNd,Oat milk
zKQ5P8,
24xGqb,
MAdpog,
YZzAPv,
NAB1Kb,
qbE1xk,Half and half
PABqjP,
rlrMx5,Whole milk
oAVj6M,
rlrZ5X,
OABN4a,
aBrMNW,
ZdRrpv,Flavored coffee creamer
VZ16zj,Whole milk
0EjWQP,Half and half
24x6Eg,
zKQ6jg,
24x6XM,
5dqAXv,
bl4Jq7,Oat milk
bl4Jq7,Almond milk
OABMpA,
qbElGO,Oat milk
WAp79L,Whole milk
PABq11,
eBxWdo,
QABlgk,Skim milk
NABZrp,Half and half
8dp4vo,
oAVL4M,Oat milk
8dplLl,Oat milk
8dplLl,Almond milk
8dplLl,Soy milk
MAdxD8,Whole milk
VZ16pN,
jB9VDY,Half and half
bl4J97,Whole milk
zKQ6xZ,Half and half
zKQ6xZ,Oat milk
6dQEb5,Flavored coffee creamer
0EjWrQ,
ZdRBOV,
MAdxeE,Skim milk
VZ16p6,
lNlEBX,
dY2eLN,Coffee creamer
rlrZOo,Coffee creamer
Albe1W,
1r2o1L,Whole milk
VZ16G6,Whole milk
zKQ6YM,
BGbRde,Whole milk
rlrMNL,
LdMLA2,Whole milk
42NbKA,
lNlEbV,Half and half
lNlEbV,Whole milk
pLP2rP,Half and half
DVv6rp,
lNlko6,
eBxW1o,
VZ16El,Whole milk
BGbWPY,Whole milk
AlbX7o,Half and half
oAVLrM,
1r2aW4,
RzB9Kv,
5dqAzE,Half and half
5dqAzE,Oat milk
1r2oqO,
42NbKr,Flavored coffee creamer
24x6PD,
OABNlM,
8dp47Y,Oat milk
RzB9WQ,
jB9VZ1,Whole milk
oAVj2b,
jB9VlQ,
GrBA2z,
9dJKQ5,
aBrMdX,
EPbOWB,Whole milk
OABNQk,
dY2yEV,Whole milk
vNx9Yl,
dY2yWD,Whole milk
bl4J50,
WAp7OL,
zKQ6yk,
DVvGKE,Almond milk
MAdxRk,
YZzlN6,Almond milk
YZzlN6,Flavored coffee creamer
YZzlN6,Oat milk
zKQ6Ng,Skim milk
pLP2ey,
KMBjeD,
KMBjzD,Whole milk
5dqAKb,
vNx9eg,Oat milk
vNx9eg,Almond milk
vNx9eg,Coffee creamer
aBrM4Z,
EPb74L,
kYRPbd,
PABq91,
RzB9oK,Oat milk
jB9Vb1,Coffee creamer
qbE12k,
J2k4dX,Skim milk
J2k4dX,Almond milk
J2k4dX,Soy milk
zKQ6DM,
7d9kl6,
8dplQz,
QABQeY,Oat milk
QABQeY,Soy milk
6dQB8o,Half and half
MAdxEk,
6dQB7J,Whole milk
6dQB7J,Half and half
9dJK9E,
XeBb0L,
AlbX2y,Whole milk
QABQ5G,
GrBPdk,
kYRPEo,Whole milk
VZ165y,Whole milk
7d9kWR,
xdNWMd,
24x6jM,Whole milk
DVvGkl,
7d9kx0,
aBrMYb,
XeBboP,
oAVj9N,Whole milk
lNlEeo,Flavored coffee creamer
LdM2zJ,
YZzARv,Half and half
bl4Je6,Soy milk
lNlEOo,
rlrZDX,Whole milk
g5NoGD,
vNx9Dg,Half and half
dY2yar,
PABqj0,Oat milk
PABqj0,Soy milk
PABqj0,Skim milk
42Nb7r,Whole milk
VZ16zM,
8dplzr,
g5N6RK,Whole milk
g5N6RK,Half and half
EPbO52,Whole milk
g5NoqP,Oat milk
KMBj1X,Whole milk
jB9VQJ,
24xGMA,Soy milk
6dQBLN,
xdNWav,
ylqaYX,
KMBjVX,Oat milk
KMBjVX,Whole milk
8dplKP,Oat milk
oAVjb5,Whole milk
rlrZao,Almond milk
EPbOQr,
OABN1k,Oat milk
OABN1k,Almond milk
WAp75v,
QABQVX,Whole milk
OABMOp,
VZ1ORl,Whole milk
oAVj65,Oat milk
oAVj65,Whole milk
YZzlE0,
aBrMQW,
rlrZA2,
ylqa28,Half and half
OABNQM,
6dQBjA,
BGbRxR,Skim milk
xdNWDd,
pLPplE,
eBxXZJ,Half and half
BGbR7R,Oat milk
EPbOxB,
qbElA9,
0EjW6B,
xdNWx9,Almond milk
PABJad,Half and half
BGbRpe,
WAp7Ee,Half and half
DVvGdN,Whole milk
EPbOqA,
42NbXo,
qbElDO,Half and half
qbElDO,Oat milk
kYRBDj,
lNlkJp,Half and half
24x68b,Skim milk
VZ16j6,Whole milk
1r2aA4,Half and half
xdNWa5,
8dplNk,
BGbRXK,Whole milk
J2k4AK,
NABZWj,
1r2a91,
42NbB5,Skim milk
42NbB5,Whole milk
aBrM5Z,Almond milk
0EjRN0,Oat milk
oAVjDN,Whole milk
pLP2dP,
VZ16Qj,
PABJa0,
g5N6yK,Whole milk
g5N6yK,Half and half
NABZl0,
AlbXve,
GrBP6O,Half and half
GrBP6O,Whole milk
NABZoO,Whole milk
NABZoO,Half and half
KMBj5g,
lNlErN,Whole milk
lNlErN,Oat milk
42NbxA,
OABN7a,Almond milk
DVvGBE,Whole milk
LdMLRO,Soy milk
LdMLRO,Almond milk
LdMLRO,Whole milk
LdMLRO,Skim milk
6dQBeN,Whole milk
5dqPWP,Whole milk
ZdRBEV,
8dploo,Whole milk
0EjW7A,Oat milk
0EjWOB,Whole milk
0EjWOB,Flavored coffee creamer
xdNWJd,Flavored coffee creamer
xdNWJd,Whole milk
dY2yNV,
0EjR2Q,
qbEla5,Whole milk
YZzAaW,Whole milk
YZzAaW,Half and half
YZzAaW,Oat milk
AlbXlz,
OABNAg,
NABZVl,Soy milk
0EjWj6,
24x649,Coffee creamer
dY2yYK,
0EjWLN,Whole milk
DVvGNZ,Whole milk
MAdx5M,
zKQ6eR,
NABZ0l,Whole milk
vNx920,Oat milk
vNx920,Almond milk
vNx920,Soy milk
RzB9zj,
EPbOJX,
oAVjvM,
9dJK1Q,Whole milk
EPbOPr,
J2k42R,Whole milk
ylqaq4,
8dplpx,
rlrZLl,
eBxX20,Half and half
DVvGDq,
42NboO,Whole milk
dY2yPo,
GrBPJo,Oat milk
GrBPJo,Flavored coffee creamer
zKQ6W1,
EPbOJN,
eBxXL0,Flavored coffee creamer
EPbO04,
PABql5,Whole milk
1r2aEp,
1r2avQ,Whole milk
aBrMrq,
5dqAEM,
rlrZdl,Whole milk
rlrZdl,Oat milk
rlrZdl,Half and half
aBrMGB,Half and half
kYRP51,
PABqX5,
ylqaop,Half and half
5dqAeP,
aBrMK9,Half and half
aBrMEv,
MAdxOM,Oat milk
PABqbd,Soy milk
PABqbd,Almond milk
PABqbd,Oat milk
ZdRBP0,
g5NoJ1,
VZ16bE,
VZ168g,Whole milk
VZ168g,Half and half
xdNWPy,
oAVjyx,
ZdRBYz,Whole milk
6dQBOB,Skim milk
QABQr7,
aBrM0v,
bl4J62,
ZdRBRy,
DVvGJq,
42Nb1b,
qbElY2,Oat milk
ZdRBZa,Whole milk
OABNzg,Oat milk
xdNW0o,
xdNWPo,Flavored coffee creamer
kYRPZR,Whole milk
kYRPZR,Oat milk
kYRPZR,Half and half
J2k4D4,
9dJKo1,
kYRPpd,
BGbRD5,
rlrZlR,
AlbXqk,Whole milk
AlbXqk,Half and half
rlrZKN,
MAdxAA,
AlbXWB,Whole milk
AlbXWB,Coffee creamer
MAdxYp,
oAVjKX,
rlrZ2M,
YZzAx6,Whole milk
bl4JY2,Oat milk
OABNdp,Oat milk
oAVjBP,
WAp70N,Whole milk
LdM20v,Oat milk
LdM20v,Flavored coffee creamer
LdM20v,Coffee creamer
LdM20v,Whole milk
lNlE46,
DVvGbX,
lNlE0W,
KMBj08,Coffee creamer
KMBj08,Whole milk
jB9VJ6,Half and half
YZzAVq,Oat milk
YZzAVq,Whole milk
jB9Vz9,Whole milk
0EjWPy,
42NbpB,Skim milk
42NbGd,
1r2aNO,Oat milk
PABq2b,
NABZBQ,
NABZLB,
lNlENv,
WAp7Pj,Oat milk
WAp7Pj,Soy milk
WAp7Pj,Whole milk
rlrZqL,Half and half
kYRPxZ,Half and half
kYRPxZ,Almond milk
24x6JL,Half and half
AlbX9N,Whole milk
VZ16Zy,
9dJK44,
YZzAzd,Whole milk
RzB9gQ,
XeBbB4,Whole milk
24x67A,Whole milk
zKQ6G8,Whole milk
qbElE7,Whole milk
PABqGd,Almond milk
qbElN8,Oat milk
qbElN8,Almond milk
qbElN8,Whole milk
qbElN8,Skim milk
9dJKWV,
rlrZgp,Half and half
ylqa04,
0EjWZ0,
lNlEyv,Whole milk
lNlEyv,Coffee creamer
g5Nok1,Oat milk
g5Nok1,Whole milk
g5Nok1,Flavored coffee creamer
1r2a6L,
g5NoNd,
LdM2qy,
DVvGYX,Whole milk
DVvGYX,Oat milk
zKQ6OZ,
bl4JE6,Whole milk
xdNWLd,
zKQ6gZ,Oat milk
QABQkk,Oat milk
QABQkk,Coffee creamer
OABNL7,
24x6ge,
NABZyp,
jB9Vk6,
VZ16y6,
pLP24V,Skim milk
pLP24V,Half and half
pLP24V,Oat milk
6dQBM5,
24x6lA,Half and half
rlrZQo,
42NbNO,Half and half
42NbNO,Whole milk
jB9VY1,
RzB9kP,
24x67b,Whole milk
YZzAZJ,
zKQ6Za,
g5NogM,Oat milk
g5NogM,Half and half
g5NogM,Whole milk
VZ16MJ,
pLP2Pb,
LdM2NJ,Oat milk
bl4JOL,
bl4Jy7,Whole milk
NABZv0,
42NbLk,Oat milk
42NbLk,Skim milk
9dJKvp,Whole milk
6dQB4o,Whole milk
kYRPO6,Whole milk
ZdRBy5,
oAVj01,
AlbX8D,Soy milk
VZ16Mv,
pLP261,
vNx9Vg,
vNx9K8,Oat milk
qbElBG,Oat milk
7d9kj6,
KMBjkK,
vNx9z8,Whole milk
zKQ6Ja,Coffee creamer
zKQ6Ja,Whole milk
AlbXOy,
PABqr0,Oat milk
PABqr0,Almond milk
dY2yXr,Soy milk
jB9VrQ,Oat milk
GrBPq2,Oat milk
GrBPq2,Flavored coffee creamer
7d9k52,Whole milk
0EjW5A,Flavored coffee creamer
0EjW5A,Half and half
0EjW5A,Coffee creamer
KMBjGK,Skim milk
KMBjGK,Oat milk
vNx9gX,Oat milk
bl4J4o,
24x6Rb,Flavored coffee creamer
dY2ygD,
ylqar8,Half and half
DVvG9l,Almond milk
DVvG9l,Oat milk
RzB92v,Oat milk
jB9V7x,Flavored coffee creamer
EPbO6L,
jB9VB4,
xdNWv9,
5dqApP,Oat milk
5dqApP,Whole milk
LdM2k2,
vNx9Lv,Oat milk
zKQ64k,Oat milk
5dqAko,Half and half
pLP2zE,
NABZQp,
lNlE5V,
VZ16Nl,
0EjWyA,Whole milk
EPbOel,Half and half
OABNKa,Oat milk
8dplAA,
oAVjpN,
1r2agg,Flavored coffee creamer
EPbOgA,
lNlEZX,
5dqAgN,
RzB9z9,Whole milk
5dqADQ,
24x6ze,
jB9V21,
0EjWGP,Oat milk
aBrMxB,Whole milk
KMBjAg,
AlbXGl,Half and half
9dJKR1,
LdM2E1,
6dQBzA,Whole milk
dY2yKz,
MAdxdX,Flavored coffee creamer
6dQByN,
dY2y1V,Oat milk
42NbAb,
rlrZlN,Coffee creamer
rlrZlN,Flavored coffee creamer
rlrZlN,Almond milk
VZ16xN,Whole milk
OABNdK,
VZ16oa,
zKQ6zR,Whole milk
NABZJQ,
lNlE8N,
PABqqe,
ylqa8X,
KMBj2X,
KMBjbA,
kYRP2R,
jB9VRa,Whole milk
aBrMLB,Skim milk
YZzAAJ,Half and half
VZ16Ra,
DVvGGZ,
GrBPVL,
9dJK05,Whole milk
24x6G9,Almond milk
rlrZQ2,Coffee creamer
rlrZQ2,Flavored coffee creamer
YZzA1B,
xdNW7d,Whole milk
xdNW7d,Half and half
ylqaBg,
jB9V84,
vNx95D,Oat milk
LdM22p,Whole milk
NABZ2j,Oat milk
RzB9yj,Whole milk
qbElqg,
GrBPPk,Whole milk
GrBPPk,Half and half
DVvGQq,
EPbOpX,
6dQBgk,
VZ16Wy,Oat milk
GrBP8o,
MAdxWM,Half and half
J2k4Po,
GrBP2o,
1r2a1W,
AlbXXz,
lNlExk,
EPbRko,
g5NoBl,
LdM2A1,Flavored coffee creamer
24x6QL,
bl4pZ2,Almond milk
oAVj4V,Whole milk
QABQ6p,
XeBbbY,Half and half
XeBbbY,Whole milk
XeBbbY,Oat milk
KMBjKV,Whole milk
24x62j,
oAVjrV,Half and half
aBrMWv,
9dJK8Q,
rlrZZR,Whole milk
pLP2pB,
24x6qV,Whole milk
24x6qV,Oat milk
24x6qV,Almond milk
24x6qV,Soy milk
24x6qV,Skim milk
EPbRKq,
KMBEYM,
qbElrG,Half and half
1r2aol,Almond milk
RzB9XJ,
rlrZ8R,
5dq7BM,Oat milk
5dq7KM,
oAVP61,Half and half
1r2ajQ,
5dq7bP,
DVv8kp,
BGbRPN,Oat milk
BGbRPN,Soy milk
YZzABW,Whole milk
zKQ6pq,
zKQ9E8,
vNxZPX,Oat milk
EPbRzo,Whole milk
9dJkGG,Whole milk
dY2yyK,Oat milk
42N6r5,
eBxXOl,Oat milk
eBxXOl,Almond milk
eBxXOl,Skim milk
eBxXOl,Whole milk
7d9krR,Almond milk
PABxD0,Coffee creamer
24x6qp,
ZdR7OA,Whole milk
pLPEBP,
YZzA85,
AlbgPB,
GrBPEL,Oat milk
GrBPEL,Almond milk
OABNO7,
dY2M0N,Whole milk
oAVP25,
VZ1eGE,Oat milk
jB9RlY,
6dQBXB,Whole milk
6dQBXB,Oat milk
rlrZzv,Skim milk
J2kPqY,
EPbOGB,Whole milk
EPbOGB,Oat milk
eBxJ5E,Skim milk
eBxJ5E,Almond milk
eBxJ5E,Whole milk
ylqQJ6,
QABZ2g,Whole milk
EPbRPl,Skim milk
EPbRPl,Whole milk
EPbRPl,Half and half
bl4JPg,Whole milk
vNxZGA,
YZz6ZN,Flavored coffee creamer
0Ej9d0,
AlbgBo,Almond milk
0Ej9BQ,Whole milk
1r2eXO,Whole milk
VZ16WM,
vNx9oQ,
GrBGvj,Whole milk
g5Nl9M,
qbEl89,Half and half
9dJkdE,Oat milk
VZ162v,
bl4pVe,Half and half
lNlG7v,
aBrM8q,
RzBNoP,
EPbRQ2,
ZdR7dV,Whole milk
8dpBdl,
xdNqrJ,
GrBGlQ,
ZdRB40,
7d9AW2,
PABqMQ,
jB9RGa,Whole milk
jB9RGa,Oat milk
jB9RGa,Flavored coffee creamer
0Ej9V0,Oat milk
g5Nl5P,
Albgdl,Oat milk
Albgdl,Almond milk
42N6Ak,
zKQ9ME,Half and half
DVv85N,
VZ1e8M,Half and half
aBrLEb,
24x6Wj,Whole milk
pLPEL1,
qbErYG,
6dQlWP,
OAB2Aa,Coffee creamer
OAB2b7,
vNxZMd,
eBxXVe,
DVvG6Z,Oat milk
DVvG6Z,Soy milk
QABQqX,Whole milk
QABQqX,Half and half
QABQqX,Coffee creamer
ZdR7Dy,Oat milk
GrBGXp,Whole milk
GrBGXp,Skim milk
GrBGXp,Almond milk
rlr4PX,
LdMr0l,Whole milk
eBxJ00,
zKQ90R,Oat milk
J2kPVo,Half and half
42N6jr,
qbErd5,Oat milk
qbErd5,Soy milk
qbErd5,Coffee creamer
8dpBAO,
DVv81l,
PABxBV,
5dq7jb,
1r2ePM,
1r2e7b,
ZdR71z,
LdMrWJ,Whole milk
6dQlOJ,
KMBEyk,Whole milk
bl4pNL,Whole milk
xdNq0r,Whole milk
eBxJYO,
VZ162J,Almond milk
VZ162J,Oat milk
rlr4p5,
6dQl1k,
aBrLk9,
jB9R0a,Half and half
5dq786,
zKQ92a,Half and half
zKQ92a,Whole milk
42N6zO,
1r2erg,Half and half
LdMrq2,
MAd4VX,Whole milk
MAd4VX,Skim milk
42N69k,
PABxYe,
GrBGy2,
EPbRb4,
ZdR7ya,
bl4Jbo,
lNlG96,
ZdR7ga,Whole milk
xdNWOy,Whole milk
xdNWOy,Oat milk
xdNWOy,Half and half
xdNWOy,Skim milk
xdNWOy,Almond milk
xdNWOy,Soy milk
42N6Ro,
zKQ9BZ,
5dq7GE,
g5NlDN,Whole milk
42N6Do,Skim milk
WApWXL,Oat milk
WApWXL,Coffee creamer
WApWXL,Whole milk
WApWXL,Skim milk
WApWXL,Almond milk
AlbgaB,
xdNqlo,
KMBE2z,
5dq7xv,
QABZZY,
MAdx0p,
WApWgP,
eBxJ8J,
42N6Ob,
WApWkQ,Coffee creamer
WApWkQ,Half and half
KMBEEg,
6dQldA,
rlr40N,
DVv8QN,Coffee creamer
DVv8QN,Skim milk
WApW6L,Oat milk
g5NlBD,
QABZOp,Half and half
KMBEgk,
VZ1eAl,Half and half
YZz62W,Oat milk
OAB2Yg,Whole milk
8dpBBl,
VZ1e6j,
WApWWe,
rlr4e2,
6dQlqY,
8dpB2A,
NABj2p,
oAVPaM,
DVv89p,
jB9RLJ,
rlrZXl,
XeBbpg,
ZdR7e0,
WApWQJ,Flavored coffee creamer
XeBaWz,
xdNqzG,
WApWxv,
AlbgoD,
dY2MBK,
aBrROv,
jB9jDa,Oat milk
jB9RO4,Whole milk
EPbRj4,Almond milk
EPbRj4,Skim milk
EPbRj4,Coffee creamer
EPbRj4,Flavored coffee creamer
EPbRj4,Oat milk
EPbRj4,Half and half
EPbRj4,Whole milk
8dpX1O,
OAB6l8,Almond milk
J2kPNR,
ylqBN4,Whole milk
ylqBN4,Oat milk
LdMrQp,Oat milk
42N6WX,
RzBAWd,
oAVq21,
BGbyPK,Half and half
OAB648,Oat milk
OAB648,Coffee creamer
OAB648,Almond milk
KMB9Q8,
rlr4zR,
5dq7WE,Coffee creamer
eBxV50,Whole milk
eBxV50,Flavored coffee creamer
vNxlyd,Whole milk
LdMePG,
EPbRyr,
vNxZ70,
9dJ8D1,
WApLzP,Half and half
NABaJp,
9dJ8Np,Flavored coffee creamer
AlbEzk,
MAdWKM,Half and half
MAdWKM,Oat milk
EPb2PL,Whole milk
xdNAp9,Whole milk
5dqJKo,
rlrejl,
7d9yRP,
rlre6L,Almond milk
DVvjzj,Whole milk
DVvjzj,Half and half
dY2Oqo,Whole milk
AlbE6y,
pLPQP1,Whole milk
J2kQlJ,
EPb20A,
BGbrD1,Oat milk
RzBABK,
oAVqB5,Oat milk
ylqB9p,Half and half
xdNAQE,
1r2LM4,
rlredX,Half and half
rlredX,Coffee creamer
rlredX,Flavored coffee creamer
rlredX,Almond milk
rlredX,Oat milk
vNxlql,
XeBplg,Whole milk
XeBplg,Flavored coffee creamer
EPb2do,Almond milk
EPb2do,Coffee creamer
24xW0D,Half and half
24xW0D,Coffee creamer
oAVqvP,Whole milk
J2kQMR,Almond milk
lNlxDk,Half and half
ylqBx6,Whole milk
GrBZqL,
lNlxzk,
ZdRMve,Flavored coffee creamer
ZdRMve,Oat milk
jB9jga,
aBrRzB,Skim milk
oAVq0b,Whole milk
XeBpQg,
pLPQ48,Oat milk
8dpXyx,Whole milk
oAVqaV,Oat milk
6dQgAY,
xdNAoy,Flavored coffee creamer
ylqBoX,Flavored coffee creamer
ylqBoX,Almond milk
ylqBoX,Whole milk
eBxV8q,Oat milk
oAVqa1,
24xpyV,Oat milk
0EjKGN,Whole milk
0EjKGN,Almond milk
1r2LyW,Soy milk
NABavG,
oAVq6P,Half and half
oAVq6P,Whole milk
YZz1bq,Flavored coffee creamer
EPb2gX,
PAB78B,
8dpX8r,
WApLda,
0EjKy6,
YZz1A0,Half and half
g5NEKJ,Oat milk
g5NEKJ,Almond milk
xdNA59,Whole milk
dY2Ooz,
NABaRj,
QABbZl,Soy milk
QABbZl,Oat milk
5dqJoM,Whole milk
rlreXp,
8dpXYA,
KMB9AM,
WApLLL,
AlbEVy,
vNxl7g,Whole milk
GrBZNe,
YZz18v,
AlbkLk,
7d9yy6,Half and half
ylqB1g,Whole milk
PAB7M1,
zKQVxM,
lNlx8p,Oat milk
5dqNjo,
GrBMKZ,Whole milk
GrBMKZ,Skim milk
jB9j11,
5dqJYM,Whole milk
kYR2Dr,
zKQV7a,Flavored coffee creamer
8dp9Nz,Almond milk
vNxlRX,
9dJe7p,
VZ1Kkj,Half and half
WAp48j,
MAdWMA,
xdNGXv,
PABo6b,Whole milk
PABo6b,Oat milk
OAB6OM,
6dQqO5,
kYR2Ld,
0Ej4MZ,
BGbvpQ,
8dp9L5,
8dp9po,
EPbpKr,
MAd0AX,
DVvLzq,
XeBjEd,Whole milk
OABRPK,Coffee creamer
OABRPK,Whole milk
qbEyL9,Half and half
AlbkDW,
bl4axo,Whole milk
DVvLV5,Oat milk
8dp9jk,
24x2LA,
GrBM1j,Whole milk
GrBM1j,Flavored coffee creamer
1r2L1g,Half and half
9dJelG,Flavored coffee creamer
xdNG0E,Whole milk
24x2vA,Whole milk
LdM8M2,Half and half
LdM8M2,Whole milk
MAd0Ml,Whole milk
jB9KW6,Half and half
jB9KW6,Coffee creamer
jB9KW6,Flavored coffee creamer
NABz8N,
bl4aL2,Flavored coffee creamer
bl4aL2,Half and half
J2ky8z,
ZdRxV0,Whole milk
ZdRxV0,Half and half
ZdRxV0,Coffee creamer
PABo0Q,
g5NBYM,Whole milk
0Ej4lB,Whole milk
0Ej4lB,Half and half
QABGxl,
24x2DM,Coffee creamer
24x2DM,Oat milk
24x2DM,Soy milk
MAd0qA,Oat milk
MAd0qA,Whole milk
ZdRxgB,
lNlp2B,Skim milk
42NZeo,
RzBOa9,
GrBMjZ,Whole milk
YZz2Ad,Whole milk
dY274o,Whole milk
dY274o,Oat milk
PABoP1,
GrBMEp,Almond milk
24x2qb,Coffee creamer
NABz2Q,
g5NB6d,
aBrWJv,
42NZA5,
RzBOyJ,
lNlp8B,Oat milk
EPbp2o,Coffee creamer
EPbp2o,Almond milk
VZ1rGy,Skim milk
kYRqad,
0Ej4X0,
eBxbko,
lNlQrN,Half and half
bl4P96,
MAd0WY,
9dJe8G,Flavored coffee creamer
vNxkjX,Whole milk
VZ1rXg,Oat milk
VZ1rXg,Whole milk
VZ1rXg,Half and half
zKQVV8,
QABGgl,Coffee creamer
EPb9ll,
24x26V,
AlbZBe,
ylqLXd,Oat milk
ylqLXd,Whole milk
qbEyyd,
KMBbM8,Whole milk
9dJVXE,Half and half
zKQl7M,Skim milk
pLParP,Half and half
pLParP,Oat milk
pLParP,Flavored coffee creamer
VZ1g0g,
GrBW9e,
aBrWpq,Whole milk
8dpOeO,Coffee creamer
5dqRxZ,Almond milk
5dqRxZ,Whole milk
jB9Ne1,
KMBbo8,Whole milk
DVvQKl,Almond milk
dY2rYo,Oat milk
24x2Jb,
KMBbkK,Oat milk
ylqL9x,Whole milk
BGbNGQ,
g5N2AO,Half and half
g5N2AO,Skim milk
g5N2AO,Oat milk
eBx4zJ,Whole milk
eBx4lx,
VZ1gxN,
EPb9Y2,
XeBX9e,Almond milk
oAVWQN,
6dQoVo,
vNxkK8,
NABzGb,
EPb9El,Whole milk
pLPgv1,Oat milk
24x2lM,Oat milk
24x2lM,Whole milk
OABRKR,Whole milk
24xpWb,
lNlxeW,Whole milk
OAB6ER,
DVvQbX,
jB9jR9,
KMBbAX,
rlr7bo,Oat milk
RzBppJ,
J2k7jK,Whole milk
ZdR0bB,
bl4P1Z,Half and half
bl4Pag,
1r28gg,
BGbNr5,
42NeXb,
GrBWAZ,Flavored coffee creamer
GrBWAZ,Almond milk
xdNKWr,
9dJVkQ,Coffee creamer
9dJVkQ,Almond milk
OABvZY,
42NeJo,
ylqV46,
pLP8oy,
5dqW9v,
NABG0O,
ylqVl8,
0EjNE9,
kYRMEZ,
8dp7Zk,
WApxEL,
EPbyLB,
GrB8Qo,
xdNOZv,
24x02L,Whole milk
24x02L,Skim milk
24x02L,Oat milk
WApxeN,Whole milk
J2k5Vo,Flavored coffee creamer
VZ129g,Oat milk
NABGBl,Oat milk
NABGBl,Almond milk
NABGBl,Soy milk
VZ12oJ,
J2k5Md,
EPbyvX,
VZ12yl,
oAVXgX,
qbE0ek,
g5NKXM,
EPbyOl,
24xQRp,
dY2BOd,Whole milk
PABVoe,
xdNO19,Half and half
xdNO19,Coffee creamer
zKQPLq,Whole milk
vNxoVX,Half and half
24xQGe,Whole milk
eBxkrJ,
rlrzbp,
xdNOWd,Whole milk
qbE09g,
VZ12rM,
pLPlyV,
GrB8jz,Oat milk
pLPlbq,
24xM8L,Whole milk
QABP67,
6dQaoJ,Half and half
6dQaoJ,Flavored coffee creamer
PABVZx,Whole milk
PABVZx,Half and half
RzB7Pp,Whole milk
QAB6Mg,Skim milk
QAB6Mg,Oat milk
OABWXK,Half and half
ylqWYp,Oat milk
VZ1kGv,
bl40qo,
NABelG,
5dqy9M,
kYRVEJ,Whole milk
Alb1GN,Whole milk
rlrxo5,
OABW5A,
zKQPpR,Whole milk
zKQPpR,Oat milk
WApvYR,
xdNOlo,
NABe7W,
aBr8zB,
MAd98k,
xdNel5,
xdNe6r,
42NgdO,
5dqyVo,
QAB6JY,Half and half
DVvl9b,
DVvlbq,
qbE2M2,
5dqyoM,Whole milk
24xMzp,
42NgEk,Whole milk
42NgEk,Skim milk
XeBKAd,
RzB7Qp,Oat milk
GrB2GQ,
MAd9WE,
oAV4YX,
g5NRxN,
42NgM5,
lNlPqW,Almond milk
lNlPqW,Oat milk
aBr8JE,
42Ne8r,Whole milk
42Ne8r,Oat milk
LdMQxO,
XeBK0d,Oat milk
8dp00l,
ZdRpqV,Oat milk
24xM5V,Soy milk
24xM5V,Oat milk
24xM5V,Almond milk
24xqAj,Half and half
OABWqp,
9dJzzE,Half and half
7d9809,Half and half
7d9809,Whole milk
dY258K,Half and half
YZzEjJ,Soy milk
PABMpV,
xdNkX5,Half and half
LdMA7v,
1r2Zb4,
XeBKZP,Half and half
jB9dPx,Skim milk
42NWaY,
KMBq7X,Oat milk
oAVry1,
QABgJk,
DVvl6p,Flavored coffee creamer
8dpveY,
DVvrvp,Half and half
DVvrvp,Coffee creamer
DVvrvp,Flavored coffee creamer
ylqKZX,
EPbjYr,
VZ1RYl,
rlrNpR,
vNx710,
DVvrMl,
bl4B20,Half and half
WApGZk,Whole milk
WApGZk,Flavored coffee creamer
7d9BgZ,
PABaYx,
GrBNyk,Oat milk
GrBNyk,Whole milk
vNx7pD,Oat milk
vNx7pD,Whole milk
24xqzL,
XeBVpd,
J2kayY,
jB9O5J,
aBrbpq,
XeBVZV,Whole milk
rlrx85,Whole milk
rlrx85,Skim milk
rlrx85,Oat milk
eBxdOE,Whole milk
eBxdOE,Half and half
eBxdOE,Flavored coffee creamer
BGbO2e,Whole milk
BGbO2e,Half and half
NABKaW,
g5NyOD,Whole milk
ylqKLW,Whole milk
ylqK54,
ZdR4pA,
jB9dOY,Whole milk
1r2ZLO,
qbYZaO,
AlboEW,Whole milk
BGL4dR,Whole milk
BGL4dR,Half and half
jB0DlJ,Coffee creamer
jB0DlJ,Half and half
jB0DlJ,Whole milk
jB0DlJ,Oat milk
eBNZDx,
J2VKAR,
jB0DQ4,Soy milk
0Ebr79,Half and half
0Ebr79,Whole milk
qbYZR9,
yl0ZDB,
xd0xPo,
XeRlWY,Whole milk
eBNZA0,
6d1J4N,
J2VKgX,
aBjN4X,
VZ9EVv,Whole milk
VZ9EVv,Half and half
yl0Zep,Whole milk
7dJlza,
XeRlQe,Oat milk
WAe90j,Oat milk
dYZqdK,Half and half
dYZqdK,Coffee creamer
Al6PLz,Oat milk
Al6PLz,Flavored coffee creamer
Al6PLz,Whole milk
eBNZzJ,
J2VKGX,
PABaAP,
YZoDgv,
24b8Y9,
ZdG5yV,
RzZK14,
LdE14p,
QAx2qG,
bl2Vy6,
Grovo2,
0Ebry9,
PA2jNB,Whole milk
VZ9Eyj,
lN0DEk,Oat milk
WAe9GJ,
eBNZdq,Soy milk
pL0xab,
BGL4r5,Half and half
KMPQ9A,Oat milk
KMPQ9A,Whole milk
1rbP1M,Flavored coffee creamer
1rbP1M,Half and half
6d18jo,Whole milk
EPBkqq,
MArKXl,
24bEBg,Whole milk
yl0PXW,Skim milk
zK0xYg,
RzZG44,Whole milk
42142r,Oat milk
BGLzXe,
MAreLA,
OAjDGM,
rl0jGl,Whole milk
jB0aW4,
xd0Xy5,Whole milk
dYZWjK,
pLPjdJ,
EPBkPl,Skim milk
EPBkPl,Flavored coffee creamer
EPBkPl,Half and half
EPBkPl,Whole milk
0EbQbN,Oat milk
0EbQbN,Almond milk
yl0PeB,
Grox5j,Whole milk
Grox5j,Oat milk
8dJ1rA,Whole milk
8dJ1rA,Coffee creamer
8dJ1rA,Flavored coffee creamer
4214qo,
aBjQgW,
aBjQyy,Whole milk
aBjQyy,Oat milk
aBjQyy,Soy milk
jB0ap9,
7dJRez,
BGLz71,
NA4p5W,
6d18eo,
lNlQkv,Whole milk
8dJoAY,
6d18yo,
OAjD6g,Whole milk
dYZWer,Whole milk
dYZWer,Half and half
YZo58J,
8dJ175,Half and half
8dJ175,Coffee creamer
8dJ175,Flavored coffee creamer
XeRxKg,Whole milk
XeRxKg,Flavored coffee creamer
oA09eX,
rl0jRp,
MAr1DY,
rl0DO5,
bl2Z70,
QAxoJY,
421a7B,Oat milk
421a7B,Flavored coffee creamer
421a7B,Coffee creamer
vN0XBX,
yl0XYW,Whole milk
yl0XYW,Oat milk
NA4q0p,
7dJXK9,
WAeJek,
Al6rdo,
rl0DvN,
yl0Xdg,Whole milk
KMPpk8,
rl0DJN,Whole milk
6d1DWJ,
zK0EJk,Half and half
8dJNGr,Whole milk
XeR5zg,Oat milk
bl25aZ,Whole milk
VZ9pXE,
DVXqPb,
xd0Vgo,Whole milk
9d6NaY,
g5QbLJ,
OAjQg8,Whole milk
PA2RWQ,Whole milk
PA2RWQ,Oat milk
PA2RLd,Oat milk
qbY58k,
J2V17r,
LdEDeJ,Whole milk
LdEDeJ,Skim milk
g5QbEJ,Whole milk
xd0VLG,
RzZWAQ,
kY0bMr,
YZojoW,
6d1L8J,Whole milk
6d1L8J,Skim milk
0EbV9P,
oA09Xb,
MArXNp,
bl2ZB1,Half and half
bl2ZB1,Whole milk
jB0ZZa,
dYZENo,Flavored coffee creamer
7dJqKP,Whole milk
7dJqKP,Skim milk
aBj94v,
pL0ryq,
qbYLA2,
24bX4p,Soy milk
oA0E9P,Flavored coffee creamer
PA2pOb,Almond milk
PA2pOb,Oat milk
eBNMEE,Whole milk
XeRLLg,
yl0Mjd,
NA4rNQ,Half and half
1rbXOl,
Al6zN0,
24bXgj,
EPBK7o,
YZoPDW,Half and half
lN0BYo,
yl0Mgx,
dYZEVo,Whole milk
EPBKpL,
jB0Z4E,Whole milk
Al6zgW,
9d6BKG,Coffee creamer
vN0rj4,Half and half
LdEZRv,
RzZxOP,Coffee creamer
dYZELD,Whole milk
oA0D9b,
DVXKql,Half and half
MArXjX,Oat milk
7dJbL0,Whole milk
OAjlzR,
0Eb7MN,
qbYaBY,
aBjeBv,
RzZd4d,Half and half
RzZd4d,Whole milk
yl0Nx4,Soy milk
VZ9j8J,Whole milk
XeRrBO,Flavored coffee creamer
ZdG8b0,Oat milk
XeRrOd,
6d1eA5,Flavored coffee creamer
6d1eA5,Almond milk
6d1eA5,Oat milk
24bBlb,Half and half
kY09zd,
9d6XPV,
6d1epo,Whole milk
zK0NRM,
bl29y1,Half and half
bl29y1,Whole milk
lN0qY6,Oat milk
RzZd2Q,
eBND8k,
lN0BDN,
24bXyj,
RzZdlK,
YZoR15,
g5QeBd,
kY09M6,
XeRJxV,
EPBddA,Oat milk
kY0eNZ,
VZ9QGl,Whole milk
VZ9QGl,Half and half
VZ9QGl,Flavored coffee creamer
VZ9QGl,Almond milk
vN0eAl,
EPBdQl,Almond milk
1rbd4b,Whole milk
1rbd4b,Coffee creamer
DVXkeZ,
RzZM8d,
QAxe0G,
RzZMvJ,Half and half
8dJapO,
dYZaZq,Half and half
dYZaZq,Soy milk
pL0y5E,
8dJa6x,Skim milk
8dJa6x,Oat milk
7dJLP9,
DVXkPX,Oat milk
DVXkPX,Skim milk
ZdGEWv,Oat milk
6d1jYN,Coffee creamer
EPBde2,
WAeEMN,Whole milk
PA21Nx,Whole milk
jB06VJ,Half and half
OAj46g,
VZ9Qvv,
KMP57A,Whole milk
oA0RGM,
42178d,
bl2j0g,
PA29Rb,Whole milk
KMPxY7,
9d6ZDK,
aBj4EZ,
zK0M20,Half and half
MAra58,Half and half
MAra58,Whole milk
MAra58,Coffee creamer
MAra58,Flavored coffee creamer
MAra58,Oat milk
MAra58,Almond milk
MAra58,Soy milk
jB0ovx,Whole milk
dYZ08o,Whole milk
PA29Pb,
xd0Dlr,
J2VlWo,Half and half
dYZ0pA,Oat milk
aBj40Z,Half and half
7dJKYz,
MAraqY,
WAeRaL,Whole milk
XeRoaz,Whole milk
VZ9Pya,Whole milk
24bAoL,Whole milk
6d1KqA,
EPBlyl,
WAeRxk,
5dl90b,Whole milk
5dl90b,Half and half
5dl90b,Coffee creamer
5dl90b,Flavored coffee creamer
OAjXOY,
RzZojd,
24bA0e,
421KXY,
EPBxlN,
oA026x,
8dJZzO,
OAj7zK,Flavored coffee creamer
OAj7zK,Oat milk
8dJZN5,Whole milk
YZo4r0,Whole milk
EPBxxN,
6d1Zx5,Whole milk
lN060X,Half and half
421K15,
WAeRVL,
zK07oa,
vN0Pp0,Oat milk
oA02LX,
7dJN5Z,Coffee creamer
VZ9z7v,
J2VOgo,Whole milk
eBNRqx,Half and half
9d67bK,Half and half
421r7Y,Whole milk
421r7Y,Skim milk
WAezOe,
YZoajN,Whole milk
EPBWPX,Whole milk
24bX0b,
LdEPgv,Whole milk
LdEPgv,Oat milk
BGL7D7,Oat milk
QAxRll,
LdEpLj,
eBNRJO,
rl0Pev,
eBNRVO,
6d1NEP,
pL0OXB,Whole milk
VZ95pl,Coffee creamer
VZ95pl,Flavored coffee creamer
VZ95pl,Half and half
rl0ABp,Whole milk
oA0MD5,
421x2Y,
PA25pP,Whole milk
PA25pP,Half and half
PA25pP,Oat milk
PA25pP,Almond milk
bl2xOZ,
VZ9Jzy,
Al6Lvy,Half and half
Al6Lvy,Coffee creamer
aBjYvE,
VZ95xl,
GrodaO,
EPBQjN,Whole milk
EPBQjN,Half and half
7dJ26P,
PA26z0,
PA2690,
OAj56R,Whole milk
jB0yy1,Whole milk
jB0yy1,Half and half
jB0yy1,Skim milk
jB0yy1,Coffee creamer
LdEbJl,
7dJW4R,Oat milk
OAjzjg,
dYZ62d,
KMP6W8,
GrozzO,Whole milk
RzZ0Y4,Whole milk
8dJQar,Whole milk
KMPl5D,Half and half
KMPl5D,Coffee creamer
KMPl5D,Skim milk
qbYDVO,
PA2D2d,
DVXNMq,Coffee creamer
DVXNMq,Oat milk
DVXNMq,Almond milk
WAeN6Q,
8dJKgY,
DVXNop,Whole milk
YZoQK6,Whole milk
ZdGNey,Whole milk
zK0qVk,Half and half
Al6dOW,Whole milk
RzZ01P,
VZ90e6,Flavored coffee creamer
zK0qR8,Flavored coffee creamer
J2V26Y,
RzZzMJ,Whole milk
RzZzMJ,Oat milk
XeReMe,
bl2lkE,Half and half
bl2lkE,Coffee creamer
bl2lkE,Flavored coffee creamer
bl2lkE,Oat milk
bl2lkE,Almond milk
Gror7k,Whole milk
Gror7k,Coffee creamer
oA0AgP,Oat milk
RzZzg9,
QAxAqg,Whole milk
Al6lgN,
RzZ4x4,Whole milk
bl2klo,
KMPMg8,Whole milk
PA2Eq5,
24brbV,
vN020Q,Half and half
yl0D7W,Whole milk
yl0D7W,Oat milk
yl0D7W,Almond milk
yl0D7W,Soy milk
xd0Z4G,
pL0VEB,Whole milk
PA2E9V,Half and half
lN0LKk,
bl2LeE,Skim milk
bl2LeE,Whole milk
rl0L9M,Skim milk
zK0rDa,Whole milk
zK0rDa,Oat milk
zK0rDa,Half and half
RzZYXK,Whole milk
oA0dW5,
OAjJ0K,
yl0EqW,
dYZDzr,Soy milk
rl0dJp,Oat milk
zK0rl8,Whole milk
zK0rl8,Oat milk
24bxPD,
QAxB11,
7dJ9VA,
kY005o,Whole milk
8dJJGz,
zK00O8,
6d1rZe,
1rbD1L,
RzZv5d,Skim milk
rl0J0M,
RzZVaP,
NA4d6b,
1rb6OQ,
PA2krV,
BGL0v1,
RzZjd9,
PA2rZb,
0EbG0A,
0EblMP,
QAxXXp,
VZ9yLy,
dYZVYz,Oat milk
421dxO,
g5QpyD,
ZdGyJa,
6d159J,
9d6yGX,
EPBEDN,
OAj9JK,
VZ9APy,
zK02pE,
pL09rJ,Flavored coffee creamer
vN01zX,
dYZ1Ly,
yl0p26,Whole milk
xd0LMk,Whole milk
0EbyNZ,
EPBrrA,
KMPNqA,
dYZ4Lq,Whole milk
aBjPVB,
PA2LNd,
WAeXWR,Almond milk
WAeXWR,Oat milk
Al6NMo,
RzZQG9,
pL0X88,Whole milk
YZoXgd,
Al6Ypk,Whole milk
Al6Ypk,Oat milk
xd07Jo,
bl2XQ0,
XeRdOY,
421Y15,
yl0pvg,
kY04pR,
WAe6Bj,Whole milk
WAe6Bj,Oat milk
WAe6Bj,Skim milk
EPBGrX,Whole milk
GroVAj,
RzZQyl,
YZob20,
VZ9aKE,
4210X5,Half and half
4210X5,Coffee creamer
BGLoze,
kY04Md,
yl0bW6,
bl2RdL,Whole milk
bl2RdL,Skim milk
bl2RdL,Half and half
bl2RdL,Coffee creamer
bl2RdL,Flavored coffee creamer
bl2RdL,Oat milk
bl2RdL,Almond milk
bl2RdL,Soy milk
jB0r8R,
EPBVKl,Oat milk
EPBVKl,Flavored coffee creamer
aBjJeX,Coffee creamer
aBjJeX,Oat milk
MArZAp,
NA4vpQ,
Al6YG0,Half and half
xd0byG,
ZdGkZA,
xd0bvk,
421Yyk,
vN069v,
QAx9Ol,Oat milk
QAx9Ol,Flavored coffee creamer
zK0B5a,Half and half
7dJ0a6,
bl2RPe,Half and half
bl2RPe,Whole milk
LdExxv,
xd0bKG,
ZdGb5v,
aBjpNy,
7dJ7L2,
ZdGb8A,
WAeaYN,
421lqd,
KMPrWM,
NA42jj,
5dlaPZ,Whole milk
1rbQLl,
VZ9WWj,Half and half
J2VE7o,
pL0prV,Whole milk
pL0prV,Oat milk
8dJ4kr,
8dJbO5,Half and half
BGLWAQ,Whole milk
BGLWAQ,Half and half
MArpbE,Almond milk
EPB7JB,
bl2QVo,
1rbogO,
ZdGrXv,
5dlP0b,
yl0574,Whole milk
7dJYrL,
pL0p0B,
NA41kO,
RzZ9Md,
EPBVEB,
LdE2P1,
1rbav4,
YZoAkW,
zK06rZ,
qbYlJg,Flavored coffee creamer
24b6lD,Flavored coffee creamer
24b6lD,Coffee creamer
YZolB0,
WAe71v,
5dlAod,
J2V4BR,
6d1Bx5,Whole milk
aBjMgv,Whole milk
LdE2B1,Oat milk
GroPMQ,
8dJlOk,
421be5,Coffee creamer
421be5,Oat milk
421be5,Flavored coffee creamer
yl0aKd,Oat milk
NA4Zep,
LdE2AJ,
ZdG7oB,
OAj2QY,Oat milk
OAj2QY,Half and half
QAxZKY,Skim milk
VZ9eEj,
QAxZoX,Whole milk
QAxZoX,Flavored coffee creamer
QAxZoX,Soy milk
24bWa9,
RzZNGK,
kY0o0j,
EPBO42,Half and half
EPBO42,Whole milk
EPBO42,Skim milk
EPBO42,Oat milk
LdErgl,
NA4j2B,
dYZM4K,
4216Gr,Whole milk
OAj2P8,Oat milk
g5Ql6l,Oat milk
1rbQAL,
PA2xLe,
zK09P8,
MArW1E,Half and half
J2VQK7,
KMPEj7,Whole milk
421MJ5,
zK09M0,
kY0oQe,Skim milk
kY0oQe,Whole milk
J2VQqz,
OAj6lM,
YZo1QW,
MArWYp,
ZdGM2V,Whole milk
pL0QyP,
ZdGMlo,Flavored coffee creamer
g5QEA4,
kY02eZ,
bl2oOL,Whole milk
xd0APy,Oat milk
EPB28o,
24bpOV,
EPB2bN,Oat milk
LdEeGp,
MArWLM,Oat milk
MArWLM,Whole milk
yl0QNX,
GroOb2,
rl0ek5,
bl2oKe,
NA4a8G,Flavored coffee creamer
7dJy1L,
oA0qlV,
xd05Ad,
pL0EGV,
PA27Bb,Whole milk
RzZNVQ,
9d6k64,
QAxbe1,
xd0qov,Oat milk
24bDag,
aBjRaE,
rl0eqL,
PA27P0,Skim milk
PA27P0,Whole milk
PA27P0,Oat milk
xd0ABE,
8dJXEo,
ZdGML5,
5dlJgQ,
LdEejy,
EPB2YA,
6d1gzN,
KMP9bA,
J2VQ54,
lN0x46,Whole milk
5dlJ7E,
BGLrPN,
8dJ9NA,
8dJ9Kr,Oat milk
vN0Re8,
421ZLr,
YZo1L5,
LdE80y,
qbYyOg,
zK0VKg,
rl0XVo,
PA2o5x,
qbYyb5,
5dlNZb,
eBNbAx,
OAjR0a,Skim milk
kY0LOR,Flavored coffee creamer
kY0LOR,Coffee creamer
KMPXLX,Half and half
KMPXLX,Skim milk
kY0LAr,Skim milk
kY0LAr,Whole milk
kY0LAr,Oat milk
jB0KLJ,Half and half
Al6kbz,Half and half
WAe4Mv,
9d6eEV,
MAr0VX,Half and half
6d1qWP,Flavored coffee creamer
BGLvAQ,Skim milk
eBNbyq,Oat milk
YZo2x5,
ZdGxvo,Whole milk
aBjWKB,
24b2lj,
zK0Vo8,Oat milk
8dJ9RO,
WAe4BP,
MAr0PY,
lN0pzW,
NA4zdQ,
GroMYZ,Coffee creamer
jB0KJx,Oat milk
EPBpMN,
24b2Vp,
1rbjEg,
g5QB6J,
6d1q4e,Soy milk
9d6eg4,Half and half
jB0Kq9,Whole milk
DVXL6E,
dYZ7yV,
zK0VO1,
g5QBpN,
9d6ey1,
RzZOqv,
vN0R6X,
oA0JJb,Almond milk
oA0JJb,Oat milk
EPBpo2,Half and half
bl2aG2,
QAxGkp,
VZ9rRg,
ZdGxB5,
xd0G5k,
J2Vy5K,Oat milk
J2VyvX,Whole milk
7dJQ9R,Whole milk
7dJQ9R,Half and half
7dJQ9R,Oat milk
0EbXQy,
7dJQOz,
8dJ9Xl,
rl0XKo,Whole milk
WAe4vv,Half and half
OAjRqk,
g5QBoJ,
zK0lMq,
RzZO7j,
NA4kXG,
8dJ9vP,
GroW6p,Whole milk
YZo2Av,Whole milk
1rbjQ4,
421Z6r,
PA2oG5,
OAjv1R,Whole milk
OAjv1R,Half and half
lN0Q65,
DVXQzb,
DVXLgN,Whole milk
Al6kVz,
EPB9LA,
rl07A5,
5dlRvv,Oat milk
5dlRb6,Oat milk
5dlRb6,Flavored coffee creamer
aBjWWX,Oat milk
RzZp4P,Half and half
RzZp4P,Whole milk
PA2KBx,Skim milk
PA2KBx,Coffee creamer
DVXQyq,
xd0KBy,
rl07PM,
rl07dX,Oat milk
rl07dX,Whole milk
rl07dX,Skim milk
5dlRpZ,Whole milk
5dlRpZ,Half and half
5dlReZ,
xd0G4r,
9d6VR5,Oat milk
9d6VR5,Whole milk
9d6VR5,Half and half
eBN46E,
pL0a41,
rl07vR,Whole milk
rl07vR,Oat milk
rl07vR,Half and half
PA2K5d,
LdElkp,Whole milk
LdElkp,Half and half
LdElkp,Oat milk
LdElkp,Almond milk
xd0KYG,
zK0lA1,
VZ9gJa,
pL0a6b,Oat milk
DVXQWR,Half and half
LdEljG,Flavored coffee creamer
xd0KbG,Soy milk
DVXQrl,
vN0ojg,
9d6Vk4,
pL0apZ,
rl077p,Whole milk
rl077p,Half and half
rl077p,Coffee creamer
WAeyxR,
BGLM4e,
GroWMQ,
aBjVYE,Half and half
aBjVYE,Soy milk
aBjVYE,Whole milk
KMPbbz,
dYZr5V,
421e7X,
yl0L7g,Whole milk
1rbq9p,
eBNkMk,Whole milk
eBNkMk,Coffee creamer
eBNkMk,Oat milk
eBNkMk,Flavored coffee creamer
YZo82z,
YZoN0J,
0EbX29,
24bQXD,
bl2bV6,Oat milk
7dJ62P,
RzZE4J,
DVXgkZ,
PA2VO5,
24bQeL,
YZo8eB,
6d1adB,Oat milk
J2V52d,Whole milk
J2V52d,Half and half
J2V52d,Coffee creamer
XeRXyj,Flavored coffee creamer
XeRXyj,Whole milk
421eNB,Half and half
VZ92Pg,Half and half
VZ92Pg,Oat milk
yl0Vvp,
J2V5bo,
QAxPXX,
dYZBzr,
aBj7lZ,
dYZBeq,Whole milk
PA2VP1,Whole milk
qbY0XG,
7dJ6OZ,Oat milk
rl0zbN,
jB01jR,
8dJ7Bx,
bl2bP2,
zK0PpE,
YZoL0N,
xd0erk,
WAev9L,
OAjWlM,
yl0W28,
421gB5,Oat milk
XeRKeY,
6d1XeN,Whole milk
NA4epN,Half and half
jB0OZ1,Whole milk
RzZ70j,
dYZ5bD,Whole milk
dYZ5bD,Half and half
LdERNp,
aBj8rq,Oat milk
vN0QGX,
PA2VKd,Oat milk
421g1O,
VZ9k9a,Skim milk
6d1XRP,Whole milk
6d1XRP,Oat milk
ZdGpev,
g5QRJ1,Oat milk
g5QRJ1,Flavored coffee creamer
0EbpD0,Oat milk
421ga5,
0EbpkQ,Oat milk
0EbpkQ,Almond milk
EPB4JX,
KMPqxg,
VZ92pM,
QAx6zA,
ZdGpJo,
24bMRg,
EPB4Pr,
yl0Wkd,
dYZ5VV,
7dJ852,
VZ9ky6,
zK0a8M,
0EbpWj,
yl0W8X,Oat milk
PA2aJe,
5dly0Z,Skim milk
5dly0Z,Coffee creamer
5dly0Z,Flavored coffee creamer
VZ9kRv,Whole milk
ZdGpqy,
rl0zKv,Whole milk
24bM69,
24bMXM,
ZdGpAe,Half and half
24bMBM,Almond milk
24bMKD,Oat milk
eBNdrx,
5dlyld,Whole milk
5dlyld,Half and half
6d1XAe,
rl0XqM,Half and half
rl0XqM,Whole milk
Al6V2y,
0EbpQP,Oat milk
ZdG06a,Whole milk
EPB2aL,
bl2BVe,Half and half
XeRVlO,
OAjpDK,Oat milk
KMP7lD,Almond milk
RzZXGp,Whole milk
dYZLxV,
NA4KXN,
5dl6vZ,
kY0DK1,
LdEAbJ,Whole milk
jB0dQ1,Whole milk
jB0dQ1,Oat milk
24bqre,Half and half
LdEAEv,
jB0d5a,Skim milk
jB0d5a,Half and half
EPBjLB,Half and half
xd0kZv,Skim milk
421WvY,
J2VaJR,
xd0kly,Oat milk
xd0kly,Coffee creamer
aBjb9E,
24bqRp,
RzZXbd,
dYZLJV,
ZdG4ya,Half and half
RzZX9K,
24bqlL,
BGLOW1,
421W6r,Whole milk
421W6r,Oat milk
OA81Q7,
kY0D2o,
qbYx9g,
WAl9Oj,
XeOlxj,Whole milk
pL0jMZ,
Rz8KDl,
AlWPBB,
blNVVL,
xd9xaJ,Whole milk
5dEKdb,
MA8KaY,
WAeGGN,Half and half
9d2GlK,Coffee creamer
9d2GlK,Whole milk
24O8PA,
zKWXbR,
jBGDW1,
VZoE4y,
XeRVRg,Whole milk
yleZ08,Flavored coffee creamer
VZoEby,
g5WjNP,Oat milk
g5WjNP,Almond milk
Rz8KZK,Coffee creamer
Ld51Vj,Almond milk
QA82OG,Whole milk
vNqjz0,
vNqj6d,Flavored coffee creamer
J28KbJ,
kYOaKo,Half and half
kYOaKo,Oat milk
blNVJE,
1rGP7O,
OA81vM,Whole milk
OA81vM,Coffee creamer
OA81RM,Almond milk
OA81RM,Oat milk
OA81RM,Skim milk
OA81RM,Soy milk
YZVD76,
OA81MA,Skim milk
PA8jVx,Almond milk
zKWXB8,Oat milk
zKWXB8,Almond milk
MA8K0E,Soy milk
qbjZNG,
42PXe5,
8djo9k,Whole milk
xd9x9d,
zKWXVZ,
6dr82B,
OA8Dag,Oat milk
OA8Dag,Flavored coffee creamer
5dEBbE,
QA8KBk,
oAlbEx,
42PXVo,
eB9qre,
eB9qxo,
dYQWYA,
g5WD9l,Whole milk
Ld51Zj,
NA8pBb,
42P41o,Coffee creamer
AlW7Qe,
OA8DVY,Whole milk
PA8dEQ,
VZoLb6,Oat milk
aBZQA2,
OA8Dka,
g5WDkJ,Almond milk
g5WDkJ,Oat milk
oAlb5N,Whole milk
8dj16r,Half and half
8dj16r,Oat milk
QA8KkY,
rl2jYo,Half and half
EP8kYr,
ylePpg,Whole milk
GrYx7e,Whole milk
8dj1jk,Oat milk
8dj1jk,Whole milk
6dr8pN,Whole milk
6dr8pN,Half and half
PA8dLV,
DV04PZ,Whole milk
9d2qaV,Coffee creamer
9d2qaV,Skim milk
9d2qaV,Half and half
9d2qaV,Whole milk
PA8jy5,Flavored coffee creamer
XeOxkY,
AlW7kW,
g5WDB1,
VZoLrE,
QA8Kgl,Half and half
YZVjaW,
24OEMb,Skim milk
Rz8GXv,
vNqjL4,Oat milk
zKWxaE,Half and half
aBZQ8y,
NA8q7O,
eB955Q,
dYQb6K,
aBZNLW,Half and half
aBZNLW,Coffee creamer
aBZNLW,Flavored coffee creamer
aBZNLW,Oat milk
jBGe9E,
rl2y5l,Oat milk
KM8plV,
ZdP9R0,
rl2DLl,Whole milk
aBZOZ9,
pL4eJZ,
42Pazo,
9d2N4K,Whole milk
9d2N4K,Oat milk
XeO52V,
EP8qA2,
EP8zro,
AlWPgo,Half and half
AlWPgo,Flavored coffee creamer
AlWrjN,
aBZOvy,Whole milk
xd9xzr,
VZopvE,Whole milk
eB9ZWo,Oat milk
eB9ZWo,Almond milk
eB9ZWo,Soy milk
24Ojye,Whole milk
8djNDz,Skim milk
eB95oJ,Whole milk
J281Po,
Rz8Wyj,
PA8RQB,Whole milk
blN5jL,Half and half
5dEXJ6,Whole milk
xd9x8J,Coffee creamer
xd9x8J,Flavored coffee creamer
vNqX5D,
XeO56Y,Whole milk
xd9Vbv,
pL4eYB,Half and half
NA8qGQ,
0EoV9y,
J281Nd,
DV0q8R,Whole milk
DV0q8R,Half and half
QA8oy1,
6drDoB,
VZopRa,
aBZ95W,Oat milk
9d2GA1,
GrY6x2,
g5WaaK,
BG8EjA,
aBZ9GX,
aBZOMB,Half and half
AlWzdy,
jBGZ74,
rl2Djp,
zKWjyE,
9d2BvV,
KM8za7,Skim milk
GrY6re,
OA8aLg,
NA8rA0,Half and half
NA8rA0,Coffee creamer
5dEbDb,Whole milk
jBGZBQ,
GrY6JZ,
yleXOB,Oat milk
OA8akK,Whole milk
jBGZvR,
GrY6Xp,
zKWjd1,Whole milk
Ld59k1,Oat milk
MA81dX,
J28qao,Whole milk
5dEbNZ,Oat milk
VZoGry,
6drDqP,Whole milk
6drDqP,Almond milk
1rGXe1,Half and half
PA8pVV,
AlWKzk,Half and half
lNVBok,
PA8pVe,
zKWNxa,
0Eo7O0,
9d2XD4,Half and half
VZojZl,Almond milk
NA8DVN,Oat milk
NA8DVN,Almond milk
7d4bx9,
qbjab8,
jBGby9,
zKWNKE,Almond milk
Ld5zz1,
XeOrQg,Whole milk
dYQN8K,
rl2Bgl,
5dE4eE,Oat milk
5dE4eE,Half and half
5dE4eE,Whole milk
QA8Mk7,
g5WD6d,
jBGaVR,
Rz8dZK,Whole milk
42PBdO,
GrYxZ2,
GrYKgp,
NA8Ddl,
DV0Kbq,
oAlDkx,
kYOb9r,Whole milk
OA8lg7,
VZoGJ6,Oat milk
VZojqJ,
42PQRd,Oat milk
42PQRd,Almond milk
qbja4Y,Oat milk
Rz8KWd,Oat milk
Rz8KWd,Coffee creamer
VZoL46,
WAl9ee,Skim milk
PA8Dq0,Oat milk
YZVR8v,Whole milk
YZVR8v,Oat milk
5dE4Ab,
oAlD8M,
1rGk8b,
rl2BZL,
vNqer0,Whole milk
PA815b,Coffee creamer
WAlEEN,
kYOe7j,
pL4y0y,
NA8lDl,Whole milk
qbjDWk,
XeOJMV,Flavored coffee creamer
1rGdKM,Half and half
WAlrbP,
7d4L12,Oat milk
7d4L12,Half and half
J28p8z,
pL4y4y,
oAle1P,Oat milk
DV0kER,Flavored coffee creamer
AlW2vk,Whole milk
MA8N0g,
EP8dVX,
oAleL1,Half and half
9d2ZNX,
NA8l2Q,
8djaYO,
6drjXo,
PA81MP,
EP8d7o,Whole milk
1rGdqL,
xd9Dxk,Whole milk
BG8pae,Half and half
pL4y8E,Whole milk
24OABe,Oat milk
24OABe,Whole milk
rl2Bzo,Whole milk
rl2Bzo,Half and half
ZdPO2B,
kYOGdZ,
zKWy91,
eB9rLO,
9d2Z6G,
pL4or1,Whole milk
dYQ0DA,Half and half
1rG4xb,Half and half
5dE9EP,
9d2ZjQ,
24OALV,
pL4o2J,
8djLyl,Skim milk
0Eo859,
9d2Zp1,
oAlRqe,Oat milk
oAlRqe,Almond milk
6drK0J,Whole milk
6drK0J,Oat milk
lNVO4V,Skim milk
AlWp9o,Whole milk
EP8lO4,
g5Wqll,
8djL45,Whole milk
8djL45,Half and half
8djL45,Oat milk
8djL45,Almond milk
8djL45,Soy milk
8djL45,Flavored coffee creamer
VZoPrv,
rl2oD5,Coffee creamer
XeO40z,Whole milk
oAl26X,Whole milk
oAl26X,Oat milk
DV07Bp,
NA87DN,
MA8Ezl,
5dE9DN,
jBGlx4,
blNWNg,
GrYRLk,Half and half
GrYR0k,
MA8EAk,Coffee creamer
OA8787,
24OKL9,Almond milk
24OKL9,Oat milk
24OKL9,Soy milk
24OKL9,Flavored coffee creamer
24OKL9,Whole milk
24OKL9,Half and half
pL4D9E,
VZozlM,Oat milk
vNqPqv,Half and half
kYONrJ,
aBZ2lE,
BG8xbQ,Whole milk
AlWB5N,Skim milk
DV076l,
Rz8D9K,Half and half
jBGl1a,
AlWB1D,
24OK29,
24OPPA,
g5WGdN,Whole milk
g5WGdN,Almond milk
g5WGdN,Oat milk
g5WGdN,Soy milk
7d4xXA,
ZdPaNA,
ZdPadA,Whole milk
ZdPadA,Oat milk
eB9R6J,
VZoJ4g,
ZdPaGe,
zKWYR1,
1rGV6p,Whole milk
1rGV6p,Half and half
BG87r1,Whole milk
PA8OJ0,Whole milk
PA8OJ0,Oat milk
QA8V6X,Half and half
WAlzbQ,
vNqyev,Oat milk
vNqyev,Whole milk
aBZY5v,
8djQeY,
9d2D11,
PA8595,
XeOWRe,
qbjAN9,
42PxP5,Whole milk
42PxP5,Skim milk
oAlMgx,Whole milk
lNVdxp,
6dr2Be,Whole milk
6dr2Be,Half and half
42PxMB,
0Eo6NQ,
zKWDg0,
6dr2lO,
EP8WgN,Whole milk
Ld5WAz,Whole milk
MA8bXl,
jBGQK9,Oat milk
7d4Ng6,Half and half
NA86q0,Whole milk
Rz80oj,Flavored coffee creamer
Rz80oj,Coffee creamer
GrYz6e,
rl2AgR,Whole milk
NA86AB,Whole milk
NA86AB,Half and half
24Oeej,
DV0Nvb,Whole milk
DV0Nvb,Oat milk
zKWD61,
Ld5b5O,
24OerL,Whole milk
24OerL,Skim milk
QA8DA8,
Rz80VP,
AlWd4N,
8djKEr,
24OeoM,Whole milk
yle6oW,Soy milk
NA8oKO,
5dEzOQ,
0Eox59,Whole milk
0Eox59,Flavored coffee creamer
Rz80kv,Soy milk
Rz80kv,Oat milk
Rz80kv,Whole milk
7d4WYR,Oat milk
7d4WYR,Soy milk
oAlyxN,Half and half
OA8zZg,Whole milk
OA8zZg,Half and half
1rGlOb,Whole milk
OA8zpp,Skim milk
OA8zpp,Oat milk
GrYz2j,
PA8Add,
dYQ6Jo,
aBZBNE,Oat milk
aBZBNE,Almond milk
jBGB6Y,Whole milk
jBGB6Y,Half and half
jBGB6Y,Soy milk
ylelXW,
AlWdeD,
VZoZYg,
ylelvg,Whole milk
VZoZvv,Whole milk
qbjbj7,Oat milk
qbjbj7,Half and half
Rz8zrp,Whole milk
oAlALb,Whole milk
ylelyX,Whole milk
42P20r,
1rGVNl,
ylelbd,Coffee creamer
YZVORq,
24OkKb,
ZdPV6A,Half and half
jBGM04,Oat milk
0EoMMA,Half and half
dYQAjr,Whole milk
YZVOYN,
rl2Kql,Half and half
DV010Z,
KM8oBX,
g5WA1N,
8djkWx,
GrY142,Whole milk
Ld5GRl,Coffee creamer
Ld5GRl,Oat milk
Ld5GRl,Whole milk
PA8Exx,
7d4ZRR,
xd9ZYo,Oat milk
GrY1GO,
0EoPBN,Whole milk
0EoPBN,Half and half
eB9EEo,
24OrLb,Whole milk
YZVdVv,Whole milk
PA80Pe,Whole milk
J280BR,
oAlO1e,
zKWe98,
xd9Z7o,Whole milk
xd9Z7o,Half and half
yleDb4,
7d4NML,Whole milk
24Or0b,Half and half
QA80QA,
KM80XK,
8djGNl,
oAlOxx,
oAloDO,Whole milk
OA80vA,
Rz8L7Q,
0EoLb0,
GrYLqQ,
KM8Lgg,
zKWJ7k,Almond milk
dYQjYd,
AlWDde,Whole milk
WAlYYN,Oat milk
5dEvMP,
YZVYvz,Half and half
dYQjpN,
EP8Dr2,Flavored coffee creamer
NA8Y1O,Half and half
OA8Yxa,Oat milk
42PveX,
eB92Gx,
GrYDNp,Whole milk
oAldrV,
NA8Yvp,Half and half
kYOWV1,
qbjKvY,
DV0JEj,Oat milk
DV0JEj,Flavored coffee creamer
DV0JEj,Almond milk
pL472P,
yleEB8,Whole milk
42PoWY,Oat milk
42PoWY,Flavored coffee creamer
0Eo8pZ,
NA805j,
jBG96E,
zKWQja,
42PN8B,
42PN2B,Whole milk
GrYBJQ,Oat milk
GrYBJQ,Half and half
GrYBJQ,Whole milk
WAlpBj,
VZo1bM,Whole milk
VZo1bM,Coffee creamer
VZo1bM,Flavored coffee creamer
EP8bar,Whole milk
8djpW5,
kYORko,Whole milk
VZo1BJ,Coffee creamer
VZo1BJ,Flavored coffee creamer
VZo1BJ,Oat milk
VZo1BJ,Soy milk
VZo1BJ,Whole milk
J28kGo,
vNqxbv,Oat milk
vNqxp0,
AlWbko,Half and half
0EojW0,
VZo1el,
lNVlPX,Oat milk
Ld5MLO,Whole milk
aBZjQZ,
XeOBKz,
xd90dy,Whole milk
xd90dy,Oat milk
jBG0la,Whole milk
jBG0la,Skim milk
jBG0la,Half and half
vNq0Xl,
XeORJY,
6dr1OO,Whole milk
GrYoqQ,
VZo946,Whole milk
1rGbOg,
AlW6Nz,
eB9Nlk,Whole milk
eB9Nlk,Oat milk
Rz8Z7p,
PA82QV,Whole milk
VZo91E,
J288qz,
Rz88xv,Whole milk
24OOAe,
6drrRk,
xd99Ny,
J288B7,Half and half
DV00VZ,
MA88WM,
vNqq14,
xd99Gr,Whole milk
7d4JOR,
5dE89b,
VZovVj,Oat milk
oAlKke,
42PAoA,
YZVpBz,Whole milk
WAlD0e,
aBZAYE,Coffee creamer
aBZAYE,Flavored coffee creamer
aBZAYE,Oat milk
aBZAYE,Almond milk
aBZAYE,Soy milk
5dEeb6,
aBZK8b,Oat milk
aBZK8b,Almond milk
7d4aDz,Whole milk
xd9R4v,Oat milk
xd9R4v,Half and half
xd9R4v,Flavored coffee creamer
zKWGyq,
aBZAD2,
BG8jLe,
6drWyB,
NA8Mj0,
GrYq4p,Oat milk
aBZAWW,Oat milk
aBZAWW,Almond milk
jBGkaJ,Almond milk
8djRol,Oat milk
8djRol,Whole milk
g5WkQK,
vNqdzg,Whole milk
PA8GWe,
zKWLyk,
eB9v7O,
YZVkOB,Coffee creamer
YZVkOB,Half and half
YZVkOB,Flavored coffee creamer
blNvR1,
lNVvz6,
QA8kPp,
0EoaXN,Almond milk
0EoaXN,Oat milk
9d24ZK,
24O70L,
lNVv5V,
BG8eRe,
Ld5oZj,Oat milk
Ld5oZj,Whole milk
KM8R9z,
ylegqW,Half and half
jBGgEQ,Half and half
7d4jzR,
NA8gMW,
0EolEy,
vNqpVl,Oat milk
rl2pWX,
24OZrj,Whole milk
24OZ99,
GrYyvj,
aBZo4W,Whole milk
GrYyv2,
oAlpr1,Whole milk
oAlpr1,Soy milk
blNyVg,
kYOQN1,Oat milk
DV0Py5,
KM8Nkg,
MA82rp,
KM8718,
DVABNq,Half and half
PAvpP1,
aBK9lZ,Skim milk
7d1qYZ,
aBK5GX,
241AGA,Whole milk
oAK2l5,
eBKaMk,Whole milk
g5Y9XO,Whole milk
AlAB5z,
oAKGpN,Whole milk
zK2YQq,Oat milk
zK2YQq,Soy milk
dYKdod,Whole milk
dYKdod,Half and half
dYKdod,Oat milk
7d1xrR,
aBKYRX,
oAKMjb,
kYKybM,
WADNek,
NAM6Yp,
jB5yQ9,
yljly0,
oAKBJe,
eBKAGk,Whole milk
eBKAGk,Oat milk
KMv6KK,Whole milk
vNE2Zl,
KMvLNM,
lNKWjB,
PAvXE5,
9dpvKG,
0E1vgN,Half and half
OAdJzR,Whole milk
OAdJzR,Almond milk
pLRWYb,Half and half
5d8GLd,Whole milk
1rDJYl,
241vE9,
rlGraX,
KMvJZX,
BGADYN,
g5YNYd,Oat milk
YZpzy0,Whole milk
OAdBMa,
dYK2oV,
vNE0Dd,
J2XkXd,Skim milk
vNE0Y8,
DVAXPb,
EPv8WN,
YZpVlq,
jB5MEY,
42AA2k,
DVAAYl,
g5YW51,
WADM8v,Oat milk
WADM8v,Flavored coffee creamer
WADM8v,Whole milk
NAMbXp,
1rDDZO,
qboJdg,
0E11K6,Half and half
pLRJ9y,
QAvzjk,Oat milk
QAvzjk,Whole milk
EPvZjN,
xd4RKr,
42Ap4O,Whole milk
0E1D5Z,
g5YkOd,
ZdvD8z,
lNKMov,
rlGJKR,
RzvkQl,
241oZD,Oat milk
aBKzLq,
Xe1QPj,Half and half
GrX79O,Coffee creamer
DVAW05,
MAvG7g,
QAv458,
KMvO2z,Skim milk
8dAEWk,
VZvdYN,
BGADV5,
yljg5d,
pLR9Z1,Half and half
pLR1jb,
g5YxdK,Oat milk
7d1ge9,Whole milk
oAKaVP,
ZdvLxe,Whole milk
ZdvLxe,Almond milk
lNK9jV,
PAvLGe,
Xe1dzY,
6dAGGe,
7d1YLZ,
vNEaD0,
pLRNKb,
zK2AN0,
LdvjJ2,
DVAoQj,
xd4bKy,
blKRbo,Oat milk
xd48r9,Whole milk
xd48r9,Half and half
xd48r9,Oat milk
9dp0bY,Whole milk
Rzvqrp,Whole milk
GrXOqp,Whole milk
GrXOqp,Flavored coffee creamer
GrXOqp,Oat milk
0E1qKB,
GrXOXp,
7d1rKL,
Zdvr9y,
vNE5Og,
8dA45x,
Xe1PKP,
g5Y6KP,
pLR20y,Oat milk
RzvqeQ,Whole milk
8dABok,Half and half
8dAB1r,Whole milk
OAd2ZY,
kYK2lj,Oat milk
RzvADQ,
9dp82p,Half and half
NAMaMQ,
pLRElV,Whole milk
241pJj,Oat milk
jB5KdJ,
eBKxvq,Whole milk
dYKPVN,
GrYYvz,Half and half
GrYYvz,Coffee creamer
GrYYvz,Flavored coffee creamer
GrYYvz,Whole milk
jB5Ne4,
5d8Rbo,Oat milk
7d1GbZ,
OAdOL8,
blK0G0,
xd4kxy,
g5YRyl,
Xe1KVj,
VZvREv,
zK2p0M,Whole milk
J2XaDr,
pLRj4B,
yljKbW,Whole milk
VZvRWl,
blY5eZ,
Al47oW,Coffee creamer
lNYaNN,
WAKOvP,Oat milk
WAKOvP,Whole milk
8d6Nxl,Almond milk
jBJeBJ,Whole milk
jBJeBJ,Skim milk
jBJeBJ,Oat milk
jBJeBJ,Soy milk
QAz1z7,Whole milk
lNYBPN,Half and half
PAbpo1,Half and half
1rNdW1,Whole milk
oA5EQ1,Whole milk
oA5EQ1,Flavored coffee creamer
oA5EQ1,Half and half
KMW55V,
Zd1Eao,Half and half
Zd1Eao,Oat milk
Zd1Eao,Flavored coffee creamer
VZbQlv,
rlJOM2,
8d6ZNA,
NAbX0l,Whole milk
DVxplq,
Xe84rd,
blYW2Z,
NAb78l,Whole milk
oA5285,Soy milk
eB0aEx,Whole milk
eB0aEx,Half and half
eB0aEx,Coffee creamer
vNJP54,Oat milk
RzbPjj,Half and half
oA5GOM,Whole milk
Al4vRB,Almond milk
Al4vRB,Half and half
9dRQYG,
24lNeL,Whole milk
24lNeL,Half and half
24lNeL,Oat milk
9dRDjY,
NAb6Pb,
dY86Dq,Skim milk
vNJA6l,
OAbzv7,Half and half
eB0BZq,
BGjXPN,Whole milk
BGjXPN,Oat milk
9dRdbV,
DVx1aR,
J2eDgY,
GrqJeo,
Xe8YXY,
VZbMby,
RzbJ9v,Whole milk
VZb1Wv,
qbJoAk,
xdR4ro,
PAbvbe,Whole milk
rlJGpv,Whole milk
VZbv6N,Whole milk
VZbv6N,Half and half
24l1RL,Whole milk
OAbV78,
xdRgQy,Oat milk
xdRgQy,Whole milk
5de0vv,
g5JybJ,Half and half
42p4kd,
42paed,
eB0ezx,Oat milk
Ld69rj,
aBaYav,Oat milk
DVZNMN,
eBYArx,Whole milk
AljJve,Oat milk
AljJve,Half and half
J2WRlr,
7dpxRz,Half and half
7dpxRz,Oat milk
PAGExV,
PAG05P,Whole milk
PAG05P,Half and half
8dRe5Y,
RzVLkd,
Xe2EGV,
42pjyB,Half and half
42pjyB,Coffee creamer
42pjyB,Whole milk
42pjyB,Flavored coffee creamer
1rpMZg,
GrQL1z,
qbkKrG,Whole milk
qbkKrG,Oat milk
rlkdNv,Half and half
rlkdNv,Whole milk
OAoB5M,Half and half
OAoB5M,Whole milk
OAoB5M,Flavored coffee creamer
bl62ee,Half and half
GrQYrj,Oat milk
bl6Nr2,Oat milk
bl6Nr2,Almond milk
YZxV75,Oat milk
YZxV75,Whole milk
8dRAxz,
BG2jrR,
BG2j71,
lNMvqk,Coffee creamer
5dpOVM,
jBkEvR,
ZdZWkv,
dYkpxA,
0EDlP0,Whole milk
42pdPB,
zK1oKM,
24Dylp,Oat milk
QAOaNl,
KMaZGk,
24DYOb,Whole milk
24DYOb,Oat milk
24DYpV,
KMa2YK,
dYkJoN,Whole milk
Ld6L9j,
blYxP2,
KMaj18,Whole milk
KMaj18,Half and half
24DOYj,
dYkydo,
Ld68Ay,
RzVOOv,
yldOGB,
oAkX95,
Ld6lQ2,
oAkXAP,Whole milk
aBa8l9,Whole milk
qbkxdk,
lNMoMv,
J2Wa7X,
J2M1ko,
7dMLqa,Half and half
7dMLqa,Coffee creamer
42zJob,Half and half
42zJob,Oat milk
42zJob,Whole milk
MAMNrY,
eBvrAl,
BG0pZK,
VZDzDg,
ZdDdjy,
pLvp8J,
J2M4vz,
lNvxGB,Coffee creamer
jBv18R,
42zgZb,
BG0OK1,
24o8aA,
kYzalJ,
42OQ7r,
NAPD6p,
zKdykZ,
RzjoPd,Flavored coffee creamer
jBzo99,Whole milk
Grb9O2,
g5z9gM,
OAE5V7,
5dVzNP,
DVaVJ5,Oat milk
7dEobZ,
9d4vR4,
vNzL7d,
GrbJYp,Oat milk
Al96kN,
MAV78l,
Al9jbl,
24oDgL,Whole milk
blzzoL,
VZNxYM,Soy milk
DVaWjl,Soy milk
KMGOe7,
blzgY1,Oat milk
KMGOjK,
LdOgG1,
yl1GZ8,Whole milk
yl1GZ8,Almond milk
Zdegkz,
BGe5v5,Whole milk
eBz8bE,Whole milk
eBz8bE,Oat milk
xdz8yk,
oAzL9x,
0EkEeB,
QA4GOY,Oat milk
QA4GOY,Skim milk
9d4eBQ,Flavored coffee creamer
rlYNrp,
rlqy52,Flavored coffee creamer
rlqy52,Skim milk
rlqy52,Half and half
qbN5N7,Whole milk
AlQKkB,
8dEazr,
DVWzjb,Whole milk
oAxM95,
lN4RDV,
jBEq21,Whole milk
QAEpMA,
xd67ZE,
WAZarR,
OAVNZK,
jBEVgx,
aBlMgq,
oAxPWX,Coffee creamer
qbN99Y,Whole milk
Ldo8Pz,
0EAKN6,
J2BN4o,Oat milk
J2BN4o,Almond milk
9dxN61,
xdgr4o,
LdVpav,
BG67VA,
Xe90az,
1rO7Wp,
dYzkGz,
kYgAej,
1rOvvQ,Oat milk
1rOvMQ,
Rz2JQv,Oat milk
ZdWzBV,
24VxvM,Whole milk
pL54N8,Whole milk
pL54N8,Half and half
QAjOAg,Whole milk
QAjOAg,Oat milk
QAjOAg,Almond milk
QAjOAg,Half and half
42EpEY,Whole milk
PA44VP,Skim milk
vNgpPD,Skim milk
g5ggRM,Oat milk
g5ggRM,Coffee creamer
g5ggRM,Flavored coffee creamer
rlgbDN,Whole milk
0EGYe9,Whole milk
