submission_id,purchase
V0Gaxg,"National chain (e.g. Starbucks, Dunkin)"
V0Gaxg,Local cafe
V0Gaxg,Drive-thru
V0Gaxg,Specialty coffee shop
V0Gaxg,Other
7WWB4A,Local cafe
7WWB4A,Specialty coffee shop
QA5JYA,"National chain (e.g. Starbucks, Dunkin)"
QA5JYA,Local cafe
QA5JYA,Specialty coffee shop
DVvoqX,Local cafe
1r2YJQ,"National chain (e.g. Starbucks, Dunkin)"
1r2YJQ,Specialty coffee shop
1r2YJQ,Local cafe
6dQ08e,Specialty coffee shop
ylqbBg,Local cafe
ylqbBg,Specialty coffee shop
BGboZR,Local cafe
BGboZR,Specialty coffee shop
BGbJzQ,"National chain (e.g. Starbucks, Dunkin)"
GrBVrk,Deli or supermarket
jB98xY,Local cafe
LdMxB2,Local cafe
6dQY8o,Specialty coffee shop
OABqQp,Local cafe
OABqQp,"National chain (e.g. Starbucks, Dunkin)"
pLPYLE,Drive-thru
pLPYLE,"National chain (e.g. Starbucks, Dunkin)"
bl41kE,Specialty coffee shop
bl41kE,Drive-thru
bl41kE,Local cafe
bl41kE,"National chain (e.g. Starbucks, Dunkin)"
xdN8Q9,Local cafe
xdNbJ9,"National chain (e.g. Starbucks, Dunkin)"
EPbVLl,Local cafe
pLPNQJ,Local cafe
ylq8yW,Local cafe
ylq8yW,"National chain (e.g. Starbucks, Dunkin)"
rlrQQo,Specialty coffee shop
rlrQQo,Local cafe
KMBroK,"National chain (e.g. Starbucks, Dunkin)"
9dJYM1,Specialty coffee shop
9dJYM1,Local cafe
kYR4rj,Local cafe
LdMjqJ,Specialty coffee shop
eBxGvE,"National chain (e.g. Starbucks, Dunkin)"
eBxGvE,Local cafe
eBxGvE,Specialty coffee shop
g5NPYO,Local cafe
g5NPYO,Specialty coffee shop
g5NPYO,"National chain (e.g. Starbucks, Dunkin)"
zKQ8ZZ,"National chain (e.g. Starbucks, Dunkin)"
zKQ8ZZ,Specialty coffee shop
zKQ8ZZ,Local cafe
WAp6PN,"National chain (e.g. Starbucks, Dunkin)"
WAp6PN,Local cafe
WAp6PN,Drive-thru
DVvo9l,Specialty coffee shop
DVvo9l,"National chain (e.g. Starbucks, Dunkin)"
DVvo9l,Local cafe
EPbo0L,"National chain (e.g. Starbucks, Dunkin)"
EPbo0L,Local cafe
dY2GGD,"National chain (e.g. Starbucks, Dunkin)"
0EjzA9,Specialty coffee shop
0EjzA9,"National chain (e.g. Starbucks, Dunkin)"
vNx6YX,"National chain (e.g. Starbucks, Dunkin)"
vNx6YX,Local cafe
LdM4d2,Drive-thru
LdM4d2,"National chain (e.g. Starbucks, Dunkin)"
LdM4d2,Specialty coffee shop
5dq0yE,Other
rlrQrv,Specialty coffee shop
LdMxpz,"National chain (e.g. Starbucks, Dunkin)"
LdMxpz,Specialty coffee shop
XeB72d,Specialty coffee shop
XeB72d,"National chain (e.g. Starbucks, Dunkin)"
zKQA18,"National chain (e.g. Starbucks, Dunkin)"
zKQA18,Drive-thru
ZdRAAV,"National chain (e.g. Starbucks, Dunkin)"
dY2o6d,"National chain (e.g. Starbucks, Dunkin)"
dY2o6d,Local cafe
oAVN61,Specialty coffee shop
oAVN61,Local cafe
oAVN61,"National chain (e.g. Starbucks, Dunkin)"
kYR4Nr,Local cafe
kYR4Nr,Specialty coffee shop
kYR4Nr,Other
PABQdQ,"National chain (e.g. Starbucks, Dunkin)"
vNxaEA,"National chain (e.g. Starbucks, Dunkin)"
DVvo05,Drive-thru
qA2y0O,Local cafe
qA2y0O,Specialty coffee shop
rlr82o,Specialty coffee shop
jB98WY,Specialty coffee shop
rlr8LX,Specialty coffee shop
rlr8LX,"National chain (e.g. Starbucks, Dunkin)"
0EjqlN,"National chain (e.g. Starbucks, Dunkin)"
rlr8vR,Specialty coffee shop
rlr8k2,Drive-thru
42NlPr,Local cafe
42NlPr,Specialty coffee shop
XeB6OP,Local cafe
OABxYM,"National chain (e.g. Starbucks, Dunkin)"
OABxYM,Local cafe
OABxYM,Specialty coffee shop
VZ1Wxg,Specialty coffee shop
VZ1Wxg,Local cafe
24x9Oe,Specialty coffee shop
24x9Oe,Local cafe
EPbovB,Specialty coffee shop
EPbovB,"National chain (e.g. Starbucks, Dunkin)"
AlbM50,Specialty coffee shop
QABNap,Other
PABZGB,"National chain (e.g. Starbucks, Dunkin)"
PABZGB,Drive-thru
PABZGB,Local cafe
PABZGB,Specialty coffee shop
RzBqjj,Local cafe
RzBqjj,"National chain (e.g. Starbucks, Dunkin)"
AlbMQD,Local cafe
AlbMQD,"National chain (e.g. Starbucks, Dunkin)"
QABNE7,Specialty coffee shop
6dQ6QN,Specialty coffee shop
oAV8kO,"National chain (e.g. Starbucks, Dunkin)"
aBrpkB,Local cafe
NAB2Ol,Specialty coffee shop
5dqagd,Other
BGbJ9Q,Local cafe
BGbJ9Q,Deli or supermarket
BGbJ9Q,Specialty coffee shop
lNl84k,Local cafe
NAB2El,"National chain (e.g. Starbucks, Dunkin)"
NAB2El,Specialty coffee shop
NAB2El,Local cafe
dY2Jgo,Other
dY2Jgo,Deli or supermarket
EPboJ2,Local cafe
MAdjVA,Specialty coffee shop
qbE8k9,Specialty coffee shop
jB98Yx,"National chain (e.g. Starbucks, Dunkin)"
6dQ6Vk,Local cafe
7d97MR,"National chain (e.g. Starbucks, Dunkin)"
7d97MR,Drive-thru
lNl87X,Specialty coffee shop
lNl87X,"National chain (e.g. Starbucks, Dunkin)"
8dpbWO,Specialty coffee shop
8dpbWO,Local cafe
6dQ6WY,Local cafe
6dQ6WY,Specialty coffee shop
6dQ6WY,"National chain (e.g. Starbucks, Dunkin)"
1r2QRl,Specialty coffee shop
1r2QRl,"National chain (e.g. Starbucks, Dunkin)"
7d97jZ,Local cafe
7d97jZ,Specialty coffee shop
dY2JzK,Specialty coffee shop
vNx8zD,"National chain (e.g. Starbucks, Dunkin)"
vNx8zD,Specialty coffee shop
oAV8zP,Deli or supermarket
oAV8zP,Specialty coffee shop
oAV8LX,Local cafe
OABxKK,Specialty coffee shop
OABxKK,Local cafe
GrBOE2,Local cafe
rlr8Z5,Local cafe
rlr8Z5,Specialty coffee shop
rlr8Z5,"National chain (e.g. Starbucks, Dunkin)"
jB98V6,Specialty coffee shop
jB98V6,"National chain (e.g. Starbucks, Dunkin)"
rlr8ep,Local cafe
rlr8ep,Specialty coffee shop
WApa4L,"National chain (e.g. Starbucks, Dunkin)"
9dJAbX,Specialty coffee shop
zKQ8A1,Specialty coffee shop
zKQ8A1,"National chain (e.g. Starbucks, Dunkin)"
zKQ8A1,Local cafe
KMBKYX,Specialty coffee shop
KMBKYX,Local cafe
NAB21W,Deli or supermarket
NAB21W,Local cafe
qbE1GG,Specialty coffee shop
OABxRk,Drive-thru
OABxRk,"National chain (e.g. Starbucks, Dunkin)"
OABxRk,Local cafe
OABxWM,"National chain (e.g. Starbucks, Dunkin)"
OABxWM,Local cafe
AlbMYB,Specialty coffee shop
AlbMYB,Drive-thru
AlbMYB,Local cafe
oAVLGe,Specialty coffee shop
rlrMON,"National chain (e.g. Starbucks, Dunkin)"
rlrMON,Local cafe
VZ1Ojy,"National chain (e.g. Starbucks, Dunkin)"
VZ1Ojy,Local cafe
LdMLPv,Drive-thru
LdMLPv,Local cafe
LdMLPv,"National chain (e.g. Starbucks, Dunkin)"
LdMLPv,Specialty coffee shop
g5N6qO,Drive-thru
g5N6qO,"National chain (e.g. Starbucks, Dunkin)"
DVv6kZ,Specialty coffee shop
xdN8Ok,Local cafe
xdN8Ok,"National chain (e.g. Starbucks, Dunkin)"
J2kEyz,Specialty coffee shop
DVv67R,Specialty coffee shop
42NlWr,"National chain (e.g. Starbucks, Dunkin)"
42NlWr,Specialty coffee shop
42NlWr,Local cafe
6dQE7B,Specialty coffee shop
0EjRey,Specialty coffee shop
rlrM5R,Specialty coffee shop
rlrM5R,"National chain (e.g. Starbucks, Dunkin)"
XeBP0j,"National chain (e.g. Starbucks, Dunkin)"
XeBP0j,Specialty coffee shop
XeBP0j,Local cafe
9dJjQp,Specialty coffee shop
9dJjQp,"National chain (e.g. Starbucks, Dunkin)"
9dJjQp,Local cafe
0EjRdB,Local cafe
VZ1O5J,Specialty coffee shop
lNlkyB,Local cafe
lNlkyB,"National chain (e.g. Starbucks, Dunkin)"
xdN5ay,Local cafe
xdN5ay,Drive-thru
xdN5ay,Specialty coffee shop
xdN5ay,Other
xdN5ay,"National chain (e.g. Starbucks, Dunkin)"
MAdpzp,Specialty coffee shop
MAdpzp,"National chain (e.g. Starbucks, Dunkin)"
jB9AZJ,Local cafe
jB9AZJ,"National chain (e.g. Starbucks, Dunkin)"
zKQ5Da,"National chain (e.g. Starbucks, Dunkin)"
zKQ5Da,Local cafe
VZ1OEj,Local cafe
VZ1OEj,Specialty coffee shop
VZ1OEj,"National chain (e.g. Starbucks, Dunkin)"
VZ1OEj,Drive-thru
0EjRbQ,"National chain (e.g. Starbucks, Dunkin)"
YZzldq,Specialty coffee shop
YZzldq,"National chain (e.g. Starbucks, Dunkin)"
PABJB0,Local cafe
AlbeDW,Local cafe
AlbeDW,Specialty coffee shop
GrBA1o,Specialty coffee shop
LdMLG1,Specialty coffee shop
LdMLG1,Local cafe
LdML0G,Local cafe
dY2eYA,Local cafe
dY2eYA,Drive-thru
9dJjJ4,Specialty coffee shop
vNx5Od,Local cafe
vNx5Od,Specialty coffee shop
0EjRoQ,Local cafe
0EjRoQ,"National chain (e.g. Starbucks, Dunkin)"
0EjRoQ,Specialty coffee shop
g5N6QK,Specialty coffee shop
aBrqry,Specialty coffee shop
rlrMr5,Specialty coffee shop
rlrMr5,Local cafe
rlrMr5,"National chain (e.g. Starbucks, Dunkin)"
xdN5Rk,Local cafe
xdN5Rk,Specialty coffee shop
24xGvA,Specialty coffee shop
24xGvA,Local cafe
AlbeWo,Local cafe
AlbeWo,Specialty coffee shop
1r2oN4,Specialty coffee shop
QABl8l,Specialty coffee shop
QABl8l,Local cafe
24xG1g,Local cafe
EPb7BL,Local cafe
EPb7BL,Drive-thru
EPb7BL,Specialty coffee shop
24xGOb,Specialty coffee shop
24xGOb,Other
24xGOb,Local cafe
bl4Q4E,Specialty coffee shop
bl4Q4E,Local cafe
OABMdk,Specialty coffee shop
OABMdk,"National chain (e.g. Starbucks, Dunkin)"
0EjRv0,"National chain (e.g. Starbucks, Dunkin)"
LdMLXG,Specialty coffee shop
GrBAqO,Local cafe
GrBAqO,Specialty coffee shop
jB9ALR,Local cafe
jB9ALR,Specialty coffee shop
QABlxk,"National chain (e.g. Starbucks, Dunkin)"
QABlxk,Drive-thru
QABlxk,Local cafe
WApVPJ,Local cafe
WApVPJ,"National chain (e.g. Starbucks, Dunkin)"
WApVPJ,Specialty coffee shop
OABMjA,Specialty coffee shop
jB9AG9,Specialty coffee shop
kYRBpo,"National chain (e.g. Starbucks, Dunkin)"
WApVZe,Specialty coffee shop
RzBylj,"National chain (e.g. Starbucks, Dunkin)"
RzBylj,Local cafe
xdN5vk,Other
EPb7AB,"National chain (e.g. Starbucks, Dunkin)"
BGbWVK,"National chain (e.g. Starbucks, Dunkin)"
BGbWVK,Local cafe
XeBPyL,Specialty coffee shop
1r2ox1,Local cafe
1r2ox1,"National chain (e.g. Starbucks, Dunkin)"
ylq5Rx,Specialty coffee shop
24xG7M,Specialty coffee shop
24xG7M,Local cafe
6dQE9Y,Local cafe
eBxWvQ,Local cafe
24xGy9,Specialty coffee shop
DVv6ZE,Specialty coffee shop
DVv6ZE,"National chain (e.g. Starbucks, Dunkin)"
DVv6ZE,Local cafe
EPb7rr,Local cafe
EPb7rr,"National chain (e.g. Starbucks, Dunkin)"
XeBPkY,Specialty coffee shop
XeBPkY,Local cafe
vNx5Wg,Specialty coffee shop
OABMeg,Specialty coffee shop
LdMLBv,"National chain (e.g. Starbucks, Dunkin)"
DVv6Wl,Specialty coffee shop
DVv6Wl,"National chain (e.g. Starbucks, Dunkin)"
dY2ezr,"National chain (e.g. Starbucks, Dunkin)"
9dJj4E,Local cafe
9dJj4E,Drive-thru
9dJj4E,Specialty coffee shop
24xGYj,Specialty coffee shop
WApV6N,"National chain (e.g. Starbucks, Dunkin)"
WApV6N,Local cafe
WApV6N,Specialty coffee shop
0EjRyj,Specialty coffee shop
0EjRyj,Local cafe
0EjRyj,"National chain (e.g. Starbucks, Dunkin)"
jB9AzQ,Local cafe
jB9AzQ,Specialty coffee shop
MAdp2M,Local cafe
MAdp2M,Specialty coffee shop
MAdp2M,"National chain (e.g. Starbucks, Dunkin)"
g5N6XO,"National chain (e.g. Starbucks, Dunkin)"
g5N6XO,Specialty coffee shop
GrBA4k,"National chain (e.g. Starbucks, Dunkin)"
GrBA4k,Local cafe
WApV7a,"National chain (e.g. Starbucks, Dunkin)"
WApV7a,Specialty coffee shop
rlrMMl,Local cafe
rlrMMl,Specialty coffee shop
5dqPa6,"National chain (e.g. Starbucks, Dunkin)"
5dqPa6,Specialty coffee shop
XeBPAj,"National chain (e.g. Starbucks, Dunkin)"
LdMLxj,Specialty coffee shop
LdMLxj,Deli or supermarket
LdMLxj,Local cafe
RzByQ9,Local cafe
RzByQ9,Specialty coffee shop
PABJqb,"National chain (e.g. Starbucks, Dunkin)"
5dqP06,Deli or supermarket
LdMLr1,Specialty coffee shop
LdMLr1,Local cafe
vNx5RA,Deli or supermarket
vNx59Q,"National chain (e.g. Starbucks, Dunkin)"
vNx59Q,Specialty coffee shop
EPb72o,"National chain (e.g. Starbucks, Dunkin)"
EPb72o,Specialty coffee shop
EPb72o,Local cafe
PABJxb,Local cafe
6dQE6P,Deli or supermarket
6dQE6P,Specialty coffee shop
rlrM8l,Local cafe
7d9rkA,Local cafe
7d9rkA,"National chain (e.g. Starbucks, Dunkin)"
YZzl6d,Local cafe
YZzl6d,Specialty coffee shop
xdN5AG,Specialty coffee shop
xdN5AG,"National chain (e.g. Starbucks, Dunkin)"
YZzl2q,"National chain (e.g. Starbucks, Dunkin)"
YZzl2q,Local cafe
YZzl2q,Specialty coffee shop
zKQ5Ba,Local cafe
VZ1OgE,Local cafe
VZ1OgE,Specialty coffee shop
9dJjjY,Local cafe
bl4QRg,Specialty coffee shop
bl4QRg,Local cafe
AlbeXk,"National chain (e.g. Starbucks, Dunkin)"
QABllp,Local cafe
QABllp,Specialty coffee shop
kYRBL6,Local cafe
kYRBL6,Specialty coffee shop
vNx58v,Specialty coffee shop
vNx58v,Local cafe
OABMRK,Specialty coffee shop
VZ1O6v,Specialty coffee shop
VZ1O6v,"National chain (e.g. Starbucks, Dunkin)"
jB9AjR,Local cafe
AlbeM0,Local cafe
AlbeM0,"National chain (e.g. Starbucks, Dunkin)"
AlbeM0,Specialty coffee shop
OABM28,Local cafe
OABMq7,Specialty coffee shop
OABMq7,Local cafe
24xG6V,Deli or supermarket
MAdpZp,Drive-thru
MAdpZp,"National chain (e.g. Starbucks, Dunkin)"
MAdpZp,Local cafe
7d9r0P,Local cafe
7d9r0P,Specialty coffee shop
7d9r0P,"National chain (e.g. Starbucks, Dunkin)"
BGbWRN,Specialty coffee shop
xdN5Wo,Specialty coffee shop
xdN5Wo,Drive-thru
xdN5Wo,Local cafe
xdN5Wo,"National chain (e.g. Starbucks, Dunkin)"
9dJjeG,Other
42NVZb,Specialty coffee shop
42NVZb,"National chain (e.g. Starbucks, Dunkin)"
42NVZb,Local cafe
42NVZb,Deli or supermarket
42NVZb,Drive-thru
kYRBBM,"National chain (e.g. Starbucks, Dunkin)"
RzBy7P,"National chain (e.g. Starbucks, Dunkin)"
RzBy7P,Local cafe
ylqaNd,Local cafe
ylqaNd,Specialty coffee shop
MAdpog,Local cafe
oAVj6M,Specialty coffee shop
zKQ6jg,Local cafe
VZ16pN,Specialty coffee shop
ZdRBOV,Local cafe
lNlEBX,Local cafe
42NbKA,Specialty coffee shop
eBxW1o,Local cafe
eBxW1o,Specialty coffee shop
eBxW1o,Other
oAVLrM,Specialty coffee shop
42NbKr,"National chain (e.g. Starbucks, Dunkin)"
oAVj2b,Specialty coffee shop
GrBA2z,Local cafe
GrBA2z,Specialty coffee shop
MAdxRk,"National chain (e.g. Starbucks, Dunkin)"
YZzlN6,"National chain (e.g. Starbucks, Dunkin)"
YZzlN6,Specialty coffee shop
YZzlN6,Local cafe
YZzlN6,Deli or supermarket
KMBjeD,"National chain (e.g. Starbucks, Dunkin)"
KMBjeD,Specialty coffee shop
KMBjeD,Drive-thru
KMBjeD,Local cafe
vNx9eg,"National chain (e.g. Starbucks, Dunkin)"
jB9Vb1,"National chain (e.g. Starbucks, Dunkin)"
6dQB8o,"National chain (e.g. Starbucks, Dunkin)"
6dQB8o,Specialty coffee shop
6dQB7J,"National chain (e.g. Starbucks, Dunkin)"
6dQB7J,Local cafe
6dQB7J,Deli or supermarket
xdNWMd,Specialty coffee shop
xdNWMd,Local cafe
24x6jM,Specialty coffee shop
aBrMYb,Local cafe
XeBboP,Specialty coffee shop
bl4Je6,Other
dY2yar,Specialty coffee shop
dY2yar,"National chain (e.g. Starbucks, Dunkin)"
dY2yar,Drive-thru
PABqj0,Local cafe
PABqj0,Specialty coffee shop
g5NoqP,Local cafe
g5NoqP,Specialty coffee shop
jB9VQJ,Specialty coffee shop
KMBjVX,Drive-thru
KMBjVX,Specialty coffee shop
KMBjVX,"National chain (e.g. Starbucks, Dunkin)"
KMBjVX,Local cafe
KMBjVX,Deli or supermarket
oAVj65,Specialty coffee shop
oAVj65,"National chain (e.g. Starbucks, Dunkin)"
xdNWDd,Specialty coffee shop
EPbOxB,"National chain (e.g. Starbucks, Dunkin)"
xdNWx9,"National chain (e.g. Starbucks, Dunkin)"
xdNWx9,Drive-thru
EPbOqA,"National chain (e.g. Starbucks, Dunkin)"
EPbOqA,Specialty coffee shop
42NbXo,"National chain (e.g. Starbucks, Dunkin)"
qbElDO,"National chain (e.g. Starbucks, Dunkin)"
xdNWa5,Local cafe
8dplNk,Drive-thru
8dplNk,Specialty coffee shop
8dplNk,"National chain (e.g. Starbucks, Dunkin)"
1r2a91,"National chain (e.g. Starbucks, Dunkin)"
1r2a91,Other
42NbB5,Specialty coffee shop
42NbB5,"National chain (e.g. Starbucks, Dunkin)"
GrBP6O,Specialty coffee shop
GrBP6O,Local cafe
NABZoO,"National chain (e.g. Starbucks, Dunkin)"
NABZoO,Specialty coffee shop
42NbxA,"National chain (e.g. Starbucks, Dunkin)"
42NbxA,Drive-thru
OABN7a,"National chain (e.g. Starbucks, Dunkin)"
DVvGBE,"National chain (e.g. Starbucks, Dunkin)"
DVvGBE,Local cafe
LdMLRO,Local cafe
LdMLRO,Specialty coffee shop
dY2yNV,Other
dY2yNV,Local cafe
dY2yNV,Specialty coffee shop
dY2yYK,Local cafe
GrBPJo,"National chain (e.g. Starbucks, Dunkin)"
GrBPJo,Specialty coffee shop
eBxXL0,Local cafe
eBxXL0,Deli or supermarket
PABqX5,Specialty coffee shop
MAdxOM,Local cafe
MAdxOM,Specialty coffee shop
ZdRBP0,Specialty coffee shop
ZdRBP0,Drive-thru
ZdRBP0,"National chain (e.g. Starbucks, Dunkin)"
ZdRBP0,Local cafe
ZdRBRy,Specialty coffee shop
ZdRBRy,Local cafe
ZdRBZa,Specialty coffee shop
OABNzg,"National chain (e.g. Starbucks, Dunkin)"
OABNzg,Local cafe
OABNzg,Drive-thru
42NbpB,Other
PABq2b,Specialty coffee shop
WAp7Pj,Drive-thru
WAp7Pj,Local cafe
rlrZqL,Local cafe
24x6JL,"National chain (e.g. Starbucks, Dunkin)"
XeBbB4,Specialty coffee shop
XeBbB4,"National chain (e.g. Starbucks, Dunkin)"
XeBbB4,Drive-thru
9dJKWV,"National chain (e.g. Starbucks, Dunkin)"
lNlEyv,Deli or supermarket
g5Nok1,Drive-thru
g5Nok1,Specialty coffee shop
g5Nok1,"National chain (e.g. Starbucks, Dunkin)"
g5Nok1,Local cafe
DVvGYX,Drive-thru
DVvGYX,"National chain (e.g. Starbucks, Dunkin)"
DVvGYX,Local cafe
DVvGYX,Specialty coffee shop
xdNWLd,"National chain (e.g. Starbucks, Dunkin)"
xdNWLd,Local cafe
NABZyp,"National chain (e.g. Starbucks, Dunkin)"
VZ16y6,Drive-thru
VZ16y6,Specialty coffee shop
pLP24V,Drive-thru
g5NogM,Specialty coffee shop
g5NogM,Local cafe
VZ16MJ,Specialty coffee shop
NABZv0,"National chain (e.g. Starbucks, Dunkin)"
NABZv0,Specialty coffee shop
AlbX8D,"National chain (e.g. Starbucks, Dunkin)"
qbElBG,Drive-thru
qbElBG,"National chain (e.g. Starbucks, Dunkin)"
jB9VrQ,Drive-thru
24x6Rb,Deli or supermarket
24x6Rb,"National chain (e.g. Starbucks, Dunkin)"
ylqar8,"National chain (e.g. Starbucks, Dunkin)"
ylqar8,Specialty coffee shop
RzB92v,"National chain (e.g. Starbucks, Dunkin)"
RzB92v,Local cafe
xdNWv9,Specialty coffee shop
xdNWv9,Local cafe
xdNWv9,"National chain (e.g. Starbucks, Dunkin)"
5dqApP,"National chain (e.g. Starbucks, Dunkin)"
5dqApP,Local cafe
5dqAko,Specialty coffee shop
5dqAko,Local cafe
5dqAko,Deli or supermarket
dY2yKz,Local cafe
dY2yKz,Specialty coffee shop
dY2yKz,"National chain (e.g. Starbucks, Dunkin)"
MAdxdX,"National chain (e.g. Starbucks, Dunkin)"
MAdxdX,Specialty coffee shop
OABNdK,Deli or supermarket
OABNdK,"National chain (e.g. Starbucks, Dunkin)"
OABNdK,Local cafe
OABNdK,Specialty coffee shop
YZzAAJ,"National chain (e.g. Starbucks, Dunkin)"
YZzAAJ,Local cafe
xdNW7d,"National chain (e.g. Starbucks, Dunkin)"
xdNW7d,Specialty coffee shop
xdNW7d,Local cafe
VZ16Wy,"National chain (e.g. Starbucks, Dunkin)"
VZ16Wy,Local cafe
VZ16Wy,Specialty coffee shop
VZ16Wy,Drive-thru
24x6QL,Drive-thru
24x6QL,"National chain (e.g. Starbucks, Dunkin)"
24x6QL,Local cafe
QABQ6p,Specialty coffee shop
XeBbbY,Specialty coffee shop
XeBbbY,Local cafe
XeBbbY,"National chain (e.g. Starbucks, Dunkin)"
XeBbbY,Drive-thru
KMBjKV,Local cafe
KMBjKV,Specialty coffee shop
qbElrG,"National chain (e.g. Starbucks, Dunkin)"
qbElrG,Drive-thru
1r2ajQ,Specialty coffee shop
5dq7bP,Local cafe
5dq7bP,"National chain (e.g. Starbucks, Dunkin)"
DVv8kp,Specialty coffee shop
BGbRPN,"National chain (e.g. Starbucks, Dunkin)"
BGbRPN,Local cafe
BGbRPN,Specialty coffee shop
BGbRPN,Deli or supermarket
EPbRzo,Specialty coffee shop
EPbRzo,Local cafe
EPbRzo,"National chain (e.g. Starbucks, Dunkin)"
eBxXOl,"National chain (e.g. Starbucks, Dunkin)"
eBxXOl,Local cafe
YZzA85,Specialty coffee shop
rlrZzv,Specialty coffee shop
ylqQJ6,"National chain (e.g. Starbucks, Dunkin)"
ylqQJ6,Specialty coffee shop
ylqQJ6,Local cafe
0Ej9d0,"National chain (e.g. Starbucks, Dunkin)"
9dJkdE,Specialty coffee shop
8dpBdl,Local cafe
PABqMQ,Specialty coffee shop
PABqMQ,Drive-thru
PABqMQ,Deli or supermarket
g5Nl5P,Specialty coffee shop
g5Nl5P,Local cafe
OAB2b7,Specialty coffee shop
ZdR7Dy,Local cafe
ZdR7Dy,Specialty coffee shop
ZdR7Dy,Deli or supermarket
LdMr0l,"National chain (e.g. Starbucks, Dunkin)"
LdMr0l,Local cafe
LdMr0l,Specialty coffee shop
LdMr0l,Deli or supermarket
42N6jr,"National chain (e.g. Starbucks, Dunkin)"
42N6jr,Deli or supermarket
LdMrWJ,Local cafe
LdMrWJ,"National chain (e.g. Starbucks, Dunkin)"
LdMrWJ,Specialty coffee shop
KMBEyk,Local cafe
KMBEyk,"National chain (e.g. Starbucks, Dunkin)"
VZ162J,Deli or supermarket
VZ162J,Local cafe
GrBGy2,Local cafe
5dq7GE,Specialty coffee shop
5dq7GE,Local cafe
AlbgaB,Specialty coffee shop
AlbgaB,Other
AlbgaB,Local cafe
WApW6L,Local cafe
YZz62W,"National chain (e.g. Starbucks, Dunkin)"
YZz62W,Local cafe
WApWWe,Drive-thru
aBrROv,"National chain (e.g. Starbucks, Dunkin)"
jB9RO4,Local cafe
jB9RO4,Specialty coffee shop
EPbRj4,"National chain (e.g. Starbucks, Dunkin)"
EPbRj4,Drive-thru
BGbyPK,Specialty coffee shop
AlbEzk,Local cafe
AlbEzk,Specialty coffee shop
rlrejl,Specialty coffee shop
rlrejl,"National chain (e.g. Starbucks, Dunkin)"
BGbrD1,Drive-thru
oAVqB5,Specialty coffee shop
oAVqB5,"National chain (e.g. Starbucks, Dunkin)"
ylqB9p,"National chain (e.g. Starbucks, Dunkin)"
ylqB9p,Specialty coffee shop
rlredX,Specialty coffee shop
rlredX,Local cafe
rlredX,"National chain (e.g. Starbucks, Dunkin)"
EPb2do,Drive-thru
24xW0D,"National chain (e.g. Starbucks, Dunkin)"
pLPQ48,Local cafe
8dpXyx,Specialty coffee shop
6dQgAY,Specialty coffee shop
0EjKGN,Local cafe
0EjKGN,Specialty coffee shop
5dqJoM,Specialty coffee shop
5dqJoM,"National chain (e.g. Starbucks, Dunkin)"
5dqJoM,Local cafe
7d9yy6,"National chain (e.g. Starbucks, Dunkin)"
7d9yy6,Specialty coffee shop
ylqB1g,Specialty coffee shop
ylqB1g,"National chain (e.g. Starbucks, Dunkin)"
ylqB1g,Local cafe
GrBMKZ,Specialty coffee shop
GrBMKZ,"National chain (e.g. Starbucks, Dunkin)"
GrBMKZ,Local cafe
5dqJYM,"National chain (e.g. Starbucks, Dunkin)"
5dqJYM,Local cafe
5dqJYM,Drive-thru
5dqJYM,Specialty coffee shop
MAdWMA,Local cafe
MAdWMA,Specialty coffee shop
OAB6OM,Specialty coffee shop
BGbvpQ,Local cafe
DVvLzq,Local cafe
DVvLzq,Specialty coffee shop
24x2LA,Other
24x2LA,Deli or supermarket
24x2LA,Local cafe
lNlp2B,Drive-thru
lNlp2B,Local cafe
lNlp2B,"National chain (e.g. Starbucks, Dunkin)"
EPbp2o,Drive-thru
zKQVV8,Specialty coffee shop
9dJVXE,Specialty coffee shop
g5N2AO,"National chain (e.g. Starbucks, Dunkin)"
g5N2AO,Local cafe
XeBX9e,Specialty coffee shop
oAVWQN,Specialty coffee shop
oAVWQN,Local cafe
oAVWQN,Deli or supermarket
6dQoVo,Local cafe
6dQoVo,Specialty coffee shop
6dQoVo,"National chain (e.g. Starbucks, Dunkin)"
24xpWb,Specialty coffee shop
OAB6ER,Specialty coffee shop
OAB6ER,Local cafe
1r28gg,Other
1r28gg,Specialty coffee shop
EPbyLB,Specialty coffee shop
EPbyLB,"National chain (e.g. Starbucks, Dunkin)"
GrB8Qo,Deli or supermarket
EPbyvX,Local cafe
xdNO19,"National chain (e.g. Starbucks, Dunkin)"
xdNOWd,Specialty coffee shop
xdNOWd,"National chain (e.g. Starbucks, Dunkin)"
QABP67,Local cafe
QABP67,"National chain (e.g. Starbucks, Dunkin)"
6dQaoJ,Specialty coffee shop
6dQaoJ,Local cafe
6dQaoJ,Drive-thru
PABVZx,Local cafe
PABVZx,Specialty coffee shop
PABVZx,Drive-thru
PABVZx,"National chain (e.g. Starbucks, Dunkin)"
QAB6Mg,"National chain (e.g. Starbucks, Dunkin)"
NABe7W,Drive-thru
NABe7W,Specialty coffee shop
NABe7W,"National chain (e.g. Starbucks, Dunkin)"
NABe7W,Local cafe
MAd98k,Specialty coffee shop
MAd98k,"National chain (e.g. Starbucks, Dunkin)"
24xM5V,Specialty coffee shop
24xqAj,Specialty coffee shop
OABWqp,Specialty coffee shop
XeBKZP,"National chain (e.g. Starbucks, Dunkin)"
XeBKZP,Specialty coffee shop
XeBKZP,Local cafe
DVvrvp,Drive-thru
DVvrvp,Local cafe
DVvrvp,"National chain (e.g. Starbucks, Dunkin)"
WApGZk,"National chain (e.g. Starbucks, Dunkin)"
WApGZk,Local cafe
WApGZk,Specialty coffee shop
7d9BgZ,Deli or supermarket
PABaYx,Specialty coffee shop
GrBNyk,Specialty coffee shop
24xqzL,"National chain (e.g. Starbucks, Dunkin)"
24xqzL,Local cafe
24xqzL,Specialty coffee shop
XeBVZV,Local cafe
XeBVZV,"National chain (e.g. Starbucks, Dunkin)"
jB0DQ4,Drive-thru
jB0DQ4,Specialty coffee shop
jB0DQ4,"National chain (e.g. Starbucks, Dunkin)"
qbYZR9,Specialty coffee shop
VZ9EVv,"National chain (e.g. Starbucks, Dunkin)"
VZ9EVv,Deli or supermarket
VZ9EVv,Local cafe
Al6PLz,"National chain (e.g. Starbucks, Dunkin)"
Al6PLz,Specialty coffee shop
Al6PLz,Local cafe
RzZK14,Specialty coffee shop
RzZK14,"National chain (e.g. Starbucks, Dunkin)"
lN0DEk,"National chain (e.g. Starbucks, Dunkin)"
lN0DEk,Deli or supermarket
lN0DEk,Local cafe
BGL4r5,Specialty coffee shop
BGL4r5,"National chain (e.g. Starbucks, Dunkin)"
BGL4r5,Local cafe
KMPQ9A,"National chain (e.g. Starbucks, Dunkin)"
KMPQ9A,Local cafe
KMPQ9A,Drive-thru
BGLzXe,"National chain (e.g. Starbucks, Dunkin)"
BGLzXe,Specialty coffee shop
BGLzXe,Local cafe
Grox5j,Specialty coffee shop
Grox5j,Other
aBjQgW,Local cafe
aBjQgW,Specialty coffee shop
aBjQgW,"National chain (e.g. Starbucks, Dunkin)"
NA4p5W,"National chain (e.g. Starbucks, Dunkin)"
yl0XYW,Specialty coffee shop
yl0XYW,"National chain (e.g. Starbucks, Dunkin)"
yl0XYW,Local cafe
0EbV9P,"National chain (e.g. Starbucks, Dunkin)"
0EbV9P,Specialty coffee shop
0EbV9P,Local cafe
0EbV9P,Drive-thru
MArXNp,Specialty coffee shop
MArXNp,Local cafe
bl2ZB1,"National chain (e.g. Starbucks, Dunkin)"
aBj94v,Local cafe
lN0BYo,Local cafe
lN0BYo,Specialty coffee shop
dYZEVo,Local cafe
dYZEVo,Specialty coffee shop
24bBlb,Other
24bBlb,Specialty coffee shop
6d1epo,Local cafe
24bXyj,"National chain (e.g. Starbucks, Dunkin)"
24bXyj,Local cafe
kY09M6,Other
XeRJxV,Specialty coffee shop
DVXkPX,Local cafe
oA0RGM,Specialty coffee shop
bl2j0g,Deli or supermarket
PA29Rb,Specialty coffee shop
MAra58,Deli or supermarket
MAra58,Specialty coffee shop
MAra58,Local cafe
jB0ovx,Local cafe
5dl90b,Deli or supermarket
5dl90b,Specialty coffee shop
5dl90b,Local cafe
OAjXOY,Specialty coffee shop
OAjXOY,Local cafe
OAj7zK,"National chain (e.g. Starbucks, Dunkin)"
OAj7zK,Local cafe
8dJZN5,"National chain (e.g. Starbucks, Dunkin)"
8dJZN5,Drive-thru
EPBxxN,Local cafe
6d1Zx5,Specialty coffee shop
6d1Zx5,"National chain (e.g. Starbucks, Dunkin)"
LdEPgv,Local cafe
LdEPgv,"National chain (e.g. Starbucks, Dunkin)"
421x2Y,Specialty coffee shop
Al6Lvy,"National chain (e.g. Starbucks, Dunkin)"
aBjYvE,Local cafe
aBjYvE,Specialty coffee shop
EPBQjN,Drive-thru
KMP6W8,Specialty coffee shop
KMP6W8,"National chain (e.g. Starbucks, Dunkin)"
KMP6W8,Local cafe
KMPl5D,Drive-thru
KMPl5D,"National chain (e.g. Starbucks, Dunkin)"
VZ90e6,Drive-thru
zK0qR8,Specialty coffee shop
zK0qR8,"National chain (e.g. Starbucks, Dunkin)"
24brbV,Specialty coffee shop
yl0D7W,Drive-thru
yl0D7W,"National chain (e.g. Starbucks, Dunkin)"
xd0Z4G,Specialty coffee shop
xd0Z4G,Local cafe
xd0Z4G,"National chain (e.g. Starbucks, Dunkin)"
xd0Z4G,Drive-thru
PA2E9V,Specialty coffee shop
lN0LKk,Other
lN0LKk,Local cafe
rl0dJp,Specialty coffee shop
QAxB11,Specialty coffee shop
QAxB11,Local cafe
8dJJGz,"National chain (e.g. Starbucks, Dunkin)"
8dJJGz,Specialty coffee shop
zK00O8,"National chain (e.g. Starbucks, Dunkin)"
RzZjd9,Specialty coffee shop
PA2rZb,"National chain (e.g. Starbucks, Dunkin)"
OAj9JK,Local cafe
VZ9APy,Specialty coffee shop
EPBrrA,Specialty coffee shop
EPBrrA,"National chain (e.g. Starbucks, Dunkin)"
xd07Jo,Local cafe
XeRdOY,"National chain (e.g. Starbucks, Dunkin)"
XeRdOY,Local cafe
XeRdOY,Specialty coffee shop
bl2RdL,Deli or supermarket
bl2RdL,Local cafe
bl2RdL,"National chain (e.g. Starbucks, Dunkin)"
bl2RdL,Specialty coffee shop
Al6YG0,Specialty coffee shop
Al6YG0,Local cafe
Al6YG0,"National chain (e.g. Starbucks, Dunkin)"
421Yyk,Local cafe
421Yyk,Specialty coffee shop
WAeaYN,Specialty coffee shop
WAeaYN,Local cafe
421lqd,Local cafe
421lqd,Specialty coffee shop
VZ9WWj,"National chain (e.g. Starbucks, Dunkin)"
VZ9WWj,Specialty coffee shop
VZ9WWj,Local cafe
5dlP0b,Specialty coffee shop
zK06rZ,"National chain (e.g. Starbucks, Dunkin)"
qbYlJg,Specialty coffee shop
LdE2B1,"National chain (e.g. Starbucks, Dunkin)"
GroPMQ,Specialty coffee shop
GroPMQ,"National chain (e.g. Starbucks, Dunkin)"
421be5,"National chain (e.g. Starbucks, Dunkin)"
QAxZKY,Drive-thru
QAxZKY,"National chain (e.g. Starbucks, Dunkin)"
kY0o0j,Specialty coffee shop
J2VQK7,"National chain (e.g. Starbucks, Dunkin)"
9d6k64,Specialty coffee shop
QAxbe1,"National chain (e.g. Starbucks, Dunkin)"
24bDag,Specialty coffee shop
aBjRaE,"National chain (e.g. Starbucks, Dunkin)"
5dlJgQ,Specialty coffee shop
5dlJgQ,Local cafe
6d1gzN,Local cafe
6d1gzN,Specialty coffee shop
KMP9bA,Drive-thru
KMP9bA,"National chain (e.g. Starbucks, Dunkin)"
BGLrPN,Local cafe
BGLrPN,Specialty coffee shop
BGLrPN,"National chain (e.g. Starbucks, Dunkin)"
OAjR0a,Local cafe
OAjR0a,Specialty coffee shop
OAjR0a,"National chain (e.g. Starbucks, Dunkin)"
BGLvAQ,"National chain (e.g. Starbucks, Dunkin)"
BGLvAQ,Local cafe
BGLvAQ,Specialty coffee shop
24b2lj,Local cafe
24b2lj,"National chain (e.g. Starbucks, Dunkin)"
8dJ9RO,Specialty coffee shop
24b2Vp,Specialty coffee shop
J2Vy5K,Other
7dJQOz,Specialty coffee shop
7dJQOz,Local cafe
OAjv1R,Specialty coffee shop
5dlRvv,"National chain (e.g. Starbucks, Dunkin)"
5dlRb6,Local cafe
5dlRb6,Specialty coffee shop
rl07dX,Local cafe
9d6VR5,Local cafe
PA2K5d,Specialty coffee shop
PA2K5d,Local cafe
LdElkp,Local cafe
LdElkp,Specialty coffee shop
VZ9gJa,Specialty coffee shop
VZ9gJa,Local cafe
pL0apZ,Specialty coffee shop
rl077p,"National chain (e.g. Starbucks, Dunkin)"
rl077p,Local cafe
BGLM4e,Specialty coffee shop
BGLM4e,Local cafe
KMPbbz,Deli or supermarket
KMPbbz,Local cafe
KMPbbz,Specialty coffee shop
eBNkMk,"National chain (e.g. Starbucks, Dunkin)"
eBNkMk,Local cafe
24bQXD,"National chain (e.g. Starbucks, Dunkin)"
24bQXD,Specialty coffee shop
24bQXD,Local cafe
bl2bV6,"National chain (e.g. Starbucks, Dunkin)"
7dJ62P,"National chain (e.g. Starbucks, Dunkin)"
J2V52d,"National chain (e.g. Starbucks, Dunkin)"
XeRXyj,Local cafe
XeRXyj,Drive-thru
PA2VKd,Specialty coffee shop
PA2VKd,Local cafe
421g1O,Specialty coffee shop
421g1O,Local cafe
6d1XRP,Specialty coffee shop
VZ92pM,Specialty coffee shop
VZ92pM,"National chain (e.g. Starbucks, Dunkin)"
zK0a8M,Specialty coffee shop
24bMBM,Other
6d1XAe,"National chain (e.g. Starbucks, Dunkin)"
6d1XAe,Local cafe
6d1XAe,Specialty coffee shop
EPB2aL,Specialty coffee shop
EPB2aL,Local cafe
KMP7lD,Local cafe
KMP7lD,"National chain (e.g. Starbucks, Dunkin)"
KMP7lD,Specialty coffee shop
jB0d5a,Local cafe
jB0d5a,"National chain (e.g. Starbucks, Dunkin)"
jB0d5a,Specialty coffee shop
jB0d5a,Deli or supermarket
jB0d5a,Drive-thru
ZdG4ya,Specialty coffee shop
ZdG4ya,Local cafe
WAeGGN,Local cafe
WAeGGN,Specialty coffee shop
VZoEby,Specialty coffee shop
VZoEby,Drive-thru
VZoEby,Local cafe
kYOaKo,Specialty coffee shop
kYOaKo,"National chain (e.g. Starbucks, Dunkin)"
1rGP7O,Local cafe
1rGP7O,Specialty coffee shop
OA81vM,Local cafe
OA81vM,Specialty coffee shop
PA8jVx,"National chain (e.g. Starbucks, Dunkin)"
zKWXB8,Specialty coffee shop
zKWXB8,Local cafe
42PXe5,Local cafe
8djo9k,"National chain (e.g. Starbucks, Dunkin)"
8djo9k,Specialty coffee shop
OA8Dag,Local cafe
OA8Dag,"National chain (e.g. Starbucks, Dunkin)"
OA8Dag,Specialty coffee shop
QA8KBk,Specialty coffee shop
QA8KBk,"National chain (e.g. Starbucks, Dunkin)"
QA8KBk,Local cafe
eB9qxo,Specialty coffee shop
AlW7Qe,Specialty coffee shop
PA8dEQ,Deli or supermarket
8dj1jk,Specialty coffee shop
8dj1jk,"National chain (e.g. Starbucks, Dunkin)"
DV04PZ,"National chain (e.g. Starbucks, Dunkin)"
PA8jy5,Local cafe
AlW7kW,Local cafe
Rz8GXv,Specialty coffee shop
Rz8GXv,Local cafe
NA8q7O,Specialty coffee shop
NA8q7O,Local cafe
aBZNLW,Specialty coffee shop
aBZNLW,"National chain (e.g. Starbucks, Dunkin)"
aBZNLW,Local cafe
aBZNLW,Deli or supermarket
jBGe9E,Local cafe
jBGe9E,Specialty coffee shop
rl2y5l,"National chain (e.g. Starbucks, Dunkin)"
rl2y5l,Specialty coffee shop
rl2y5l,Local cafe
AlWPgo,Local cafe
AlWPgo,"National chain (e.g. Starbucks, Dunkin)"
8djNDz,"National chain (e.g. Starbucks, Dunkin)"
eB95oJ,Deli or supermarket
eB95oJ,Specialty coffee shop
blN5jL,Specialty coffee shop
blN5jL,"National chain (e.g. Starbucks, Dunkin)"
blN5jL,Local cafe
xd9x8J,Drive-thru
xd9x8J,"National chain (e.g. Starbucks, Dunkin)"
0EoV9y,Local cafe
0EoV9y,Specialty coffee shop
DV0q8R,"National chain (e.g. Starbucks, Dunkin)"
DV0q8R,Other
aBZOMB,Specialty coffee shop
aBZOMB,"National chain (e.g. Starbucks, Dunkin)"
aBZOMB,Deli or supermarket
aBZOMB,Local cafe
AlWzdy,Local cafe
AlWzdy,Specialty coffee shop
rl2Djp,Local cafe
rl2Djp,Specialty coffee shop
rl2Djp,"National chain (e.g. Starbucks, Dunkin)"
rl2Djp,Drive-thru
OA8aLg,Local cafe
OA8aLg,Specialty coffee shop
yleXOB,Specialty coffee shop
J28qao,Specialty coffee shop
J28qao,Local cafe
VZoGry,Local cafe
VZoGry,Specialty coffee shop
VZoGry,Other
zKWNxa,Specialty coffee shop
zKWNxa,Local cafe
VZojZl,"National chain (e.g. Starbucks, Dunkin)"
VZojZl,Local cafe
VZojZl,Drive-thru
zKWNKE,Local cafe
5dE4eE,"National chain (e.g. Starbucks, Dunkin)"
5dE4eE,Local cafe
5dE4eE,Specialty coffee shop
jBGaVR,"National chain (e.g. Starbucks, Dunkin)"
jBGaVR,Specialty coffee shop
DV0Kbq,Specialty coffee shop
kYOb9r,Specialty coffee shop
kYOb9r,Drive-thru
kYOb9r,"National chain (e.g. Starbucks, Dunkin)"
WAlEEN,"National chain (e.g. Starbucks, Dunkin)"
7d4L12,Specialty coffee shop
7d4L12,Local cafe
7d4L12,Drive-thru
7d4L12,"National chain (e.g. Starbucks, Dunkin)"
AlW2vk,"National chain (e.g. Starbucks, Dunkin)"
EP8d7o,Local cafe
EP8d7o,"National chain (e.g. Starbucks, Dunkin)"
pL4y8E,"National chain (e.g. Starbucks, Dunkin)"
pL4y8E,Local cafe
pL4y8E,Specialty coffee shop
24OABe,Local cafe
rl2Bzo,"National chain (e.g. Starbucks, Dunkin)"
rl2Bzo,Local cafe
6drK0J,Specialty coffee shop
6drK0J,Local cafe
6drK0J,"National chain (e.g. Starbucks, Dunkin)"
g5Wqll,Specialty coffee shop
g5Wqll,Local cafe
8djL45,"National chain (e.g. Starbucks, Dunkin)"
rl2oD5,Drive-thru
rl2oD5,Local cafe
rl2oD5,"National chain (e.g. Starbucks, Dunkin)"
oAl26X,"National chain (e.g. Starbucks, Dunkin)"
oAl26X,Local cafe
MA8EAk,"National chain (e.g. Starbucks, Dunkin)"
MA8EAk,Drive-thru
OA8787,Local cafe
OA8787,Specialty coffee shop
24OKL9,Local cafe
24OKL9,Specialty coffee shop
pL4D9E,Local cafe
pL4D9E,Specialty coffee shop
VZozlM,Other
kYONrJ,Specialty coffee shop
kYONrJ,Local cafe
kYONrJ,Other
jBGl1a,"National chain (e.g. Starbucks, Dunkin)"
jBGl1a,Drive-thru
vNqyev,"National chain (e.g. Starbucks, Dunkin)"
42PxP5,"National chain (e.g. Starbucks, Dunkin)"
42PxP5,Specialty coffee shop
42PxP5,Local cafe
rl2AgR,Local cafe
NA86AB,Drive-thru
NA86AB,"National chain (e.g. Starbucks, Dunkin)"
NA86AB,Specialty coffee shop
yle6oW,"National chain (e.g. Starbucks, Dunkin)"
yle6oW,Drive-thru
7d4WYR,Drive-thru
7d4WYR,Local cafe
OA8zZg,Specialty coffee shop
OA8zZg,"National chain (e.g. Starbucks, Dunkin)"
OA8zZg,Drive-thru
ylelXW,"National chain (e.g. Starbucks, Dunkin)"
ylelvg,Specialty coffee shop
ylelyX,Local cafe
24OkKb,Local cafe
24OkKb,Specialty coffee shop
8djkWx,Local cafe
8djkWx,Specialty coffee shop
Ld5GRl,Local cafe
eB9EEo,Specialty coffee shop
PA80Pe,Specialty coffee shop
PA80Pe,Local cafe
J280BR,Local cafe
J280BR,Specialty coffee shop
KM80XK,Specialty coffee shop
KM80XK,Local cafe
oAlOxx,Local cafe
oAlOxx,Specialty coffee shop
0EoLb0,Specialty coffee shop
KM8Lgg,Specialty coffee shop
KM8Lgg,Local cafe
KM8Lgg,Deli or supermarket
KM8Lgg,Drive-thru
KM8Lgg,"National chain (e.g. Starbucks, Dunkin)"
zKWJ7k,Specialty coffee shop
zKWJ7k,Local cafe
5dEvMP,Local cafe
5dEvMP,Other
dYQjpN,Other
eB92Gx,Other
oAldrV,Specialty coffee shop
NA8Yvp,"National chain (e.g. Starbucks, Dunkin)"
NA8Yvp,Specialty coffee shop
42PoWY,Specialty coffee shop
0Eo8pZ,Deli or supermarket
EP8bar,Specialty coffee shop
EP8bar,"National chain (e.g. Starbucks, Dunkin)"
kYORko,Local cafe
kYORko,"National chain (e.g. Starbucks, Dunkin)"
VZo1BJ,"National chain (e.g. Starbucks, Dunkin)"
VZo1BJ,Specialty coffee shop
VZo1BJ,Local cafe
J28kGo,Specialty coffee shop
J28kGo,Local cafe
Ld5MLO,"National chain (e.g. Starbucks, Dunkin)"
Ld5MLO,Local cafe
GrYoqQ,Local cafe
1rGbOg,Specialty coffee shop
PA82QV,"National chain (e.g. Starbucks, Dunkin)"
J288qz,Specialty coffee shop
J288qz,Deli or supermarket
J288qz,Local cafe
42PAoA,Specialty coffee shop
42PAoA,Local cafe
5dEeb6,Local cafe
5dEeb6,Drive-thru
5dEeb6,Specialty coffee shop
5dEeb6,"National chain (e.g. Starbucks, Dunkin)"
aBZK8b,Local cafe
aBZK8b,"National chain (e.g. Starbucks, Dunkin)"
BG8jLe,Specialty coffee shop
BG8jLe,Local cafe
6drWyB,Local cafe
YZVkOB,Specialty coffee shop
YZVkOB,Local cafe
0EoaXN,"National chain (e.g. Starbucks, Dunkin)"
0EoaXN,Specialty coffee shop
0EoaXN,Drive-thru
Ld5oZj,Deli or supermarket
Ld5oZj,Specialty coffee shop
jBGgEQ,"National chain (e.g. Starbucks, Dunkin)"
7d4jzR,Deli or supermarket
7d4jzR,"National chain (e.g. Starbucks, Dunkin)"
NA8gMW,Local cafe
NA8gMW,Drive-thru
NA8gMW,Specialty coffee shop
0EolEy,Local cafe
0EolEy,Drive-thru
rl2pWX,Local cafe
rl2pWX,Drive-thru
MA82rp,Specialty coffee shop
MA82rp,Local cafe
MA82rp,Drive-thru
MA82rp,"National chain (e.g. Starbucks, Dunkin)"
PAvpP1,Local cafe
PAvpP1,Specialty coffee shop
7d1qYZ,Specialty coffee shop
7d1qYZ,"National chain (e.g. Starbucks, Dunkin)"
7d1qYZ,Local cafe
g5Y9XO,Specialty coffee shop
g5Y9XO,"National chain (e.g. Starbucks, Dunkin)"
g5Y9XO,Local cafe
dYKdod,Local cafe
dYKdod,Specialty coffee shop
7d1xrR,Specialty coffee shop
7d1xrR,Local cafe
NAM6Yp,Specialty coffee shop
NAM6Yp,Local cafe
KMv6KK,"National chain (e.g. Starbucks, Dunkin)"
lNKWjB,Specialty coffee shop
lNKWjB,Local cafe
0E1vgN,"National chain (e.g. Starbucks, Dunkin)"
OAdJzR,Specialty coffee shop
OAdJzR,"National chain (e.g. Starbucks, Dunkin)"
OAdJzR,Local cafe
OAdBMa,Specialty coffee shop
OAdBMa,Local cafe
OAdBMa,"National chain (e.g. Starbucks, Dunkin)"
vNE0Dd,Other
qboJdg,"National chain (e.g. Starbucks, Dunkin)"
pLRJ9y,Local cafe
pLRJ9y,Specialty coffee shop
EPvZjN,Specialty coffee shop
g5YkOd,Local cafe
ZdvD8z,Local cafe
ZdvD8z,"National chain (e.g. Starbucks, Dunkin)"
ZdvD8z,Specialty coffee shop
aBKzLq,Specialty coffee shop
Xe1QPj,"National chain (e.g. Starbucks, Dunkin)"
QAv458,Local cafe
QAv458,Specialty coffee shop
VZvdYN,Local cafe
g5YxdK,Specialty coffee shop
blKRbo,Specialty coffee shop
RzvqeQ,Local cafe
RzvqeQ,Specialty coffee shop
RzvqeQ,"National chain (e.g. Starbucks, Dunkin)"
kYK2lj,Specialty coffee shop
kYK2lj,Local cafe
kYK2lj,Deli or supermarket
RzvADQ,Specialty coffee shop
RzvADQ,Local cafe
jB5Ne4,Specialty coffee shop
jB5Ne4,Deli or supermarket
blK0G0,"National chain (e.g. Starbucks, Dunkin)"
blK0G0,Specialty coffee shop
oA5EQ1,Local cafe
Zd1Eao,Local cafe
VZbQlv,"National chain (e.g. Starbucks, Dunkin)"
NAb78l,Other
vNJP54,Local cafe
vNJP54,"National chain (e.g. Starbucks, Dunkin)"
vNJP54,Specialty coffee shop
oA5GOM,"National chain (e.g. Starbucks, Dunkin)"
Al4vRB,Specialty coffee shop
Al4vRB,"National chain (e.g. Starbucks, Dunkin)"
Al4vRB,Local cafe
24lNeL,Specialty coffee shop
24lNeL,Local cafe
OAbzv7,Specialty coffee shop
Xe8YXY,Specialty coffee shop
rlJGpv,Specialty coffee shop
5de0vv,"National chain (e.g. Starbucks, Dunkin)"
5de0vv,Local cafe
eB0ezx,Local cafe
eB0ezx,"National chain (e.g. Starbucks, Dunkin)"
J2WRlr,Local cafe
RzVLkd,Specialty coffee shop
RzVLkd,Local cafe
Xe2EGV,Specialty coffee shop
Xe2EGV,Local cafe
42pjyB,"National chain (e.g. Starbucks, Dunkin)"
42pjyB,Drive-thru
bl6Nr2,Specialty coffee shop
8dRAxz,Specialty coffee shop
Ld6L9j,"National chain (e.g. Starbucks, Dunkin)"
Ld6L9j,Specialty coffee shop
blYxP2,Specialty coffee shop
dYkydo,Specialty coffee shop
Ld6lQ2,Specialty coffee shop
Ld6lQ2,Local cafe
Ld6lQ2,"National chain (e.g. Starbucks, Dunkin)"
J2M1ko,Other
7dMLqa,Drive-thru
7dMLqa,"National chain (e.g. Starbucks, Dunkin)"
7dMLqa,Local cafe
J2M4vz,Local cafe
BG0OK1,Specialty coffee shop
BG0OK1,Local cafe
Grb9O2,"National chain (e.g. Starbucks, Dunkin)"
OAE5V7,Drive-thru
OAE5V7,"National chain (e.g. Starbucks, Dunkin)"
OAE5V7,Specialty coffee shop
OAE5V7,Local cafe
DVaWjl,Local cafe
DVaWjl,Specialty coffee shop
DVaWjl,Drive-thru
DVaWjl,"National chain (e.g. Starbucks, Dunkin)"
Zdegkz,Specialty coffee shop
Zdegkz,Local cafe
Zdegkz,Deli or supermarket
QA4GOY,Specialty coffee shop
QA4GOY,"National chain (e.g. Starbucks, Dunkin)"
QA4GOY,Local cafe
rlYNrp,Specialty coffee shop
rlYNrp,Local cafe
rlYNrp,Drive-thru
QAEpMA,"National chain (e.g. Starbucks, Dunkin)"
QAEpMA,Specialty coffee shop
QAEpMA,Drive-thru
J2BN4o,"National chain (e.g. Starbucks, Dunkin)"
J2BN4o,Local cafe
Xe90az,Specialty coffee shop
g5ggRM,"National chain (e.g. Starbucks, Dunkin)"
g5ggRM,Drive-thru
g5ggRM,Local cafe
g5ggRM,Specialty coffee shop
